SepalLengthCm,SepalWidthCm,PetalLengthCm,PetalWidthCm,SepalArea,PetalArea,TotalFlowerArea,SepalPetalRatio,PetalAspectRatio,FlowerVolumeIndex,Temperature,Humidity,SunlightHours,SoilPH,SoilMoisture,Rainfall,HealthScore,DiseaseRisk,Species
5.2,3.4,5.1,1.6,17.68,8.16,25.84,1.02,3.187,9.02,19.4,79,4.5,6.34,31,41.5,82.0,2,2
5.0,2.5,6.1,2.0,12.5,12.2,24.7,0.82,3.05,7.62,21.1,82,5.7,7.24,78,205.3,97.6,1,2
5.5,2.3,4.6,1.1,12.65,5.06,17.71,1.196,4.182,5.82,23.3,67,9.1,6.71,81,30.0,79.5,2,1
5.8,3.1,1.5,0.5,17.98,0.75,18.73,3.867,3.0,2.7,26.7,68,7.5,6.91,32,172.1,75.9,2,0
5.6,4.1,1.3,0.3,22.96,0.39,23.35,4.308,4.333,2.98,29.7,55,6.2,5.92,47,181.4,73.7,0,0
5.2,2.7,1.7,0.2,14.04,0.34,14.38,3.059,8.5,2.39,23.3,85,8.1,5.94,50,213.9,75.1,2,0
5.5,4.0,1.4,0.1,22.0,0.14,22.14,3.929,14.0,3.08,30.8,81,9.3,6.13,71,134.8,76.4,2,0
6.3,2.6,5.1,2.0,16.38,10.2,26.58,1.235,2.55,8.35,21.7,82,6.6,6.67,53,70.4,98.4,1,2
6.4,3.4,6.6,1.6,21.76,10.56,32.32,0.97,4.125,14.36,20.2,88,6.5,5.63,54,157.1,90.6,1,2
6.9,3.2,3.0,1.6,22.08,4.8,26.88,2.3,1.875,6.62,27.5,79,8.5,7.04,51,45.7,78.6,2,1
4.9,3.0,4.5,1.8,14.7,8.1,22.8,1.089,2.5,6.62,28.7,77,9.5,7.24,49,213.6,86.3,2,1
4.5,3.9,1.5,0.5,17.55,0.75,18.3,3.0,3.0,2.63,25.4,45,7.6,6.48,37,233.7,77.6,2,0
5.4,2.3,4.2,1.1,12.42,4.62,17.04,1.286,3.818,5.22,28.2,49,9.9,6.57,38,49.5,78.8,2,1
5.4,3.0,6.0,2.5,16.2,15.0,31.2,0.9,2.4,9.72,31.0,89,5.2,6.12,72,169.5,99.0,1,2
6.3,2.6,4.7,1.4,16.38,6.58,22.96,1.34,3.357,7.7,25.8,82,5.3,5.64,70,33.5,76.2,2,2
5.6,2.4,1.2,0.4,13.44,0.48,13.92,4.667,3.0,1.61,21.0,53,8.3,7.26,66,128.7,75.5,2,0
5.3,2.1,3.9,1.3,11.13,5.07,16.2,1.359,3.0,4.34,24.5,48,8.0,7.47,36,33.9,83.8,2,1
4.7,2.7,1.4,0.3,12.69,0.42,13.11,3.357,4.667,1.78,21.9,60,9.2,5.65,81,218.1,71.6,0,0
5.3,3.4,1.0,0.1,18.02,0.1,18.12,5.3,10.0,1.8,28.5,60,5.0,6.47,43,218.9,76.6,2,0
4.9,4.4,1.2,0.5,21.56,0.6,22.16,4.083,2.4,2.59,24.4,72,8.2,6.96,80,147.8,74.7,0,0
4.6,2.8,1.1,0.5,12.88,0.55,13.43,4.182,2.2,1.42,18.9,65,4.3,6.67,62,231.5,71.6,0,0
5.7,2.5,1.2,0.4,14.25,0.48,14.73,4.75,3.0,1.71,27.5,60,6.4,7.38,66,76.6,72.5,0,0
5.1,3.3,5.9,1.7,16.83,10.03,26.86,0.864,3.471,9.93,21.7,87,8.3,5.98,55,50.1,92.4,1,2
5.6,3.1,3.2,1.4,17.36,4.48,21.84,1.75,2.286,5.56,32.0,51,4.4,5.93,46,50.5,76.5,2,1
5.6,3.1,1.1,0.5,17.36,0.55,17.91,5.091,2.2,1.91,27.8,84,9.9,7.11,63,21.8,76.2,2,0
6.9,2.1,4.8,1.2,14.49,5.76,20.25,1.438,4.0,6.96,30.5,80,4.9,6.06,43,185.1,76.8,2,1
7.5,3.0,5.1,2.4,22.5,12.24,34.74,1.471,2.125,11.47,18.7,85,6.5,6.05,30,96.7,88.6,1,2
5.2,2.6,4.5,1.4,13.52,6.3,19.82,1.156,3.214,6.08,19.6,89,9.4,6.59,83,104.9,83.4,2,1
5.2,2.4,4.9,1.6,12.48,7.84,20.32,1.061,3.062,6.12,30.0,67,5.3,6.0,36,101.3,86.6,2,1
6.9,3.0,4.9,1.2,20.7,5.88,26.58,1.408,4.083,10.14,20.3,56,9.3,5.55,77,232.6,86.3,2,1
6.6,3.2,4.7,1.2,21.12,5.64,26.76,1.404,3.917,9.93,29.0,51,6.3,5.58,60,71.2,86.3,2,1
5.6,3.1,4.8,1.2,17.36,5.76,23.12,1.167,4.0,8.33,27.2,70,6.0,7.23,79,84.2,83.8,2,1
6.3,3.2,3.7,1.0,20.16,3.7,23.86,1.703,3.7,7.46,30.3,61,5.1,7.43,46,28.8,78.9,2,1
6.4,2.4,4.3,1.4,15.36,6.02,21.38,1.488,3.071,6.6,23.4,81,5.1,5.59,57,20.4,88.8,1,1
7.0,3.7,6.3,1.6,25.9,10.08,35.98,1.111,3.937,16.32,24.0,87,9.5,6.75,72,215.0,93.7,1,2
6.0,2.9,3.7,1.6,17.4,5.92,23.32,1.622,2.312,6.44,25.8,57,6.5,7.38,73,192.1,76.6,2,1
5.8,3.1,4.5,1.7,17.98,7.65,25.63,1.289,2.647,8.09,24.0,82,7.6,6.14,58,121.7,80.7,2,2
6.6,3.3,4.5,1.5,21.78,6.75,28.53,1.467,3.0,9.8,22.0,87,7.8,6.17,82,239.0,79.3,2,1
5.4,2.3,3.1,1.2,12.42,3.72,16.14,1.742,2.583,3.85,24.7,49,6.7,7.27,66,64.7,80.6,2,1
5.7,2.2,4.4,1.7,12.54,7.48,20.02,1.295,2.588,5.52,30.0,51,8.7,5.94,81,240.3,85.2,2,1
5.1,4.2,1.1,0.2,21.42,0.22,21.64,4.636,5.5,2.36,24.5,78,9.9,6.69,78,225.0,72.2,0,0
7.6,2.9,6.7,1.9,22.04,12.73,34.77,1.134,3.526,14.77,20.2,75,6.7,7.0,83,166.7,99.7,1,2
6.4,2.6,5.6,2.2,16.64,12.32,28.96,1.143,2.545,9.32,21.3,66,5.9,6.58,38,54.7,92.8,1,2
5.4,2.4,1.4,0.4,12.96,0.56,13.52,3.857,3.5,1.81,23.8,58,9.0,6.28,79,154.3,74.2,0,0
6.0,2.2,5.3,2.2,13.2,11.66,24.86,1.132,2.409,7.0,29.9,71,7.2,6.97,81,158.7,88.8,1,2
4.7,3.3,1.3,0.4,15.51,0.52,16.03,3.615,3.25,2.02,29.2,55,9.0,7.34,69,142.8,77.6,2,0
6.6,2.2,6.0,1.5,14.52,9.0,23.52,1.1,4.0,8.71,24.5,48,5.6,6.15,59,95.2,92.2,1,2
5.5,3.3,3.9,1.7,18.15,6.63,24.78,1.41,2.294,7.08,24.6,79,4.3,7.4,44,169.5,87.8,2,1
5.0,2.2,5.1,2.3,11.0,11.73,22.73,0.98,2.217,5.61,26.7,60,4.8,6.84,66,238.0,92.9,1,2
6.5,2.2,4.3,1.6,14.3,6.88,21.18,1.512,2.687,6.15,19.6,55,9.8,5.72,31,233.6,85.0,2,1
5.7,3.0,3.2,1.6,17.1,5.12,22.22,1.781,2.0,5.47,26.8,51,8.2,6.1,73,158.1,74.2,0,1
7.2,2.8,5.5,1.8,20.16,9.9,30.06,1.309,3.056,11.09,25.1,66,4.1,6.34,61,44.3,97.2,1,2
7.6,2.9,4.9,1.6,22.04,7.84,29.88,1.551,3.062,10.8,25.3,86,5.6,7.12,64,198.2,85.1,2,2
6.7,2.7,5.1,2.4,18.09,12.24,30.33,1.314,2.125,9.23,21.9,73,5.5,6.43,69,173.7,91.9,1,2
6.7,2.3,3.4,1.6,15.41,5.44,20.85,1.971,2.125,5.24,22.8,83,8.2,6.05,30,138.8,75.9,2,1
5.4,3.3,1.7,0.4,17.82,0.68,18.5,3.176,4.25,3.03,27.0,76,6.7,5.53,48,71.0,74.4,0,0
6.3,2.5,4.2,1.3,15.75,5.46,21.21,1.5,3.231,6.62,32.0,80,6.0,6.91,47,90.5,76.6,2,1
5.5,2.4,5.8,2.2,13.2,12.76,25.96,0.948,2.636,7.66,20.6,58,8.4,6.05,67,244.6,95.9,1,2
7.0,3.2,3.6,1.3,22.4,4.68,27.08,1.944,2.769,8.06,22.2,90,7.2,6.05,33,147.3,82.5,2,1
5.3,3.9,1.1,0.1,20.67,0.11,20.78,4.818,11.0,2.27,22.0,75,6.6,5.87,33,78.1,76.0,2,0
5.5,3.1,1.1,0.4,17.05,0.44,17.49,5.0,2.75,1.88,18.8,54,8.9,7.4,35,248.6,64.8,0,0
6.2,3.1,3.5,1.4,19.22,4.9,24.12,1.771,2.5,6.73,24.3,73,5.8,6.68,57,90.2,81.7,2,1
7.8,2.4,6.3,2.1,18.72,13.23,31.95,1.238,3.0,11.79,21.7,50,4.9,5.85,34,56.0,95.0,1,2
6.7,2.7,5.1,2.2,18.09,11.22,29.31,1.314,2.318,9.23,27.8,74,4.4,5.97,46,201.2,94.4,1,2
7.3,2.5,4.8,1.6,18.25,7.68,25.93,1.521,3.0,8.76,20.1,62,9.0,5.64,40,202.3,86.9,2,2
7.7,2.9,5.6,1.7,22.33,9.52,31.85,1.375,3.294,12.5,23.6,62,7.0,6.49,35,157.5,95.3,1,2
5.9,2.6,4.7,2.5,15.34,11.75,27.09,1.255,1.88,7.21,29.7,81,7.5,5.54,78,174.6,89.8,1,2
5.4,2.7,1.5,0.3,14.58,0.45,15.03,3.6,5.0,2.19,21.9,82,6.6,7.13,35,128.1,69.4,0,0
6.3,3.2,3.7,1.6,20.16,5.92,26.08,1.703,2.312,7.46,22.0,70,8.9,6.6,59,40.3,77.9,2,1
5.8,3.1,1.5,0.6,17.98,0.9,18.88,3.867,2.5,2.7,27.2,79,6.8,5.61,63,103.2,75.9,2,0
6.2,2.3,5.1,1.5,14.26,7.65,21.91,1.216,3.4,7.27,22.0,89,6.9,5.56,70,160.0,81.1,2,2
4.8,2.3,1.4,0.2,11.04,0.28,11.32,3.429,7.0,1.55,29.8,52,6.8,5.73,83,55.4,77.5,2,0
6.0,2.4,4.8,1.8,14.4,8.64,23.04,1.25,2.667,6.91,21.4,80,4.9,5.88,68,136.9,93.3,1,1
4.7,4.0,1.4,0.6,18.8,0.84,19.64,3.357,2.333,2.63,25.1,45,5.7,6.1,67,153.4,74.2,0,0
5.0,3.3,1.3,0.5,16.5,0.65,17.15,3.846,2.6,2.15,23.3,65,9.2,7.46,45,151.5,67.0,0,0
5.0,3.0,4.5,1.6,15.0,7.2,22.2,1.111,2.812,6.75,23.4,87,8.8,6.8,39,133.9,77.0,2,1
7.8,2.7,4.7,2.3,21.06,10.81,31.87,1.66,2.043,9.9,19.4,74,4.1,5.79,85,170.6,86.1,2,2
6.5,2.4,4.3,1.3,15.6,5.59,21.19,1.512,3.308,6.71,19.1,66,9.1,7.22,54,239.5,83.2,2,1
6.7,2.1,3.1,1.5,14.07,4.65,18.72,2.161,2.067,4.36,30.9,59,8.5,6.37,36,194.9,82.6,2,1
5.0,3.8,1.8,0.1,19.0,0.18,19.18,2.778,18.0,3.42,29.1,63,6.2,6.36,45,142.2,71.4,0,0
4.6,2.5,1.8,0.4,11.5,0.72,12.22,2.556,4.5,2.07,21.4,82,4.9,6.42,46,125.7,74.1,0,0
6.8,2.9,3.3,1.4,19.72,4.62,24.34,2.061,2.357,6.51,22.8,82,5.8,7.42,74,77.5,84.8,2,1
5.8,4.1,1.1,0.3,23.78,0.33,24.11,5.273,3.667,2.62,23.0,63,10.0,6.09,83,171.4,67.1,0,0
7.5,3.4,6.8,2.4,25.5,16.32,41.82,1.103,2.833,17.34,28.4,63,8.7,5.96,81,101.0,100.0,1,2
5.7,3.4,6.3,2.1,19.38,13.23,32.61,0.905,3.0,12.21,19.9,51,9.4,6.79,49,201.4,89.0,1,2
6.4,2.1,3.6,1.6,13.44,5.76,19.2,1.778,2.25,4.84,20.5,53,8.7,7.25,53,142.1,88.1,1,1
4.7,4.0,1.4,0.5,18.8,0.7,19.5,3.357,2.8,2.63,28.5,66,8.8,6.44,34,52.4,78.9,2,0
7.1,3.8,6.8,2.3,26.98,15.64,42.62,1.044,2.957,18.35,23.1,70,4.1,6.57,59,104.8,100.0,1,2
6.1,3.2,5.0,1.1,19.52,5.5,25.02,1.22,4.545,9.76,21.3,46,7.7,7.39,50,230.5,76.5,2,1
5.3,3.3,1.6,0.4,17.49,0.64,18.13,3.312,4.0,2.8,19.6,47,9.7,6.11,61,46.7,67.0,0,0
5.3,2.9,6.1,2.2,15.37,13.42,28.79,0.869,2.773,9.38,31.2,71,7.5,6.95,56,170.6,100.0,1,2
6.1,3.7,4.6,1.8,22.57,8.28,30.85,1.326,2.556,10.38,24.2,60,9.1,5.7,73,104.5,93.0,1,2
6.0,2.8,5.0,1.5,16.8,7.5,24.3,1.2,3.333,8.4,29.9,74,4.6,5.92,70,157.3,77.3,2,2
5.4,2.2,4.2,1.1,11.88,4.62,16.5,1.286,3.818,4.99,28.7,58,7.5,7.13,44,95.6,73.6,0,1
4.9,3.6,4.8,1.5,17.64,7.2,24.84,1.021,3.2,8.47,21.5,56,4.7,7.23,38,23.4,89.0,1,2
5.2,2.3,1.2,0.2,11.96,0.24,12.2,4.333,6.0,1.44,23.9,52,8.5,6.45,79,103.3,72.0,0,0
6.0,3.3,3.1,1.6,19.8,4.96,24.76,1.935,1.938,6.14,30.1,78,5.8,6.79,31,34.0,79.6,2,1
5.8,2.2,4.5,1.4,12.76,6.3,19.06,1.289,3.214,5.74,30.6,65,7.6,5.63,47,163.6,84.0,2,1
5.9,3.8,5.8,1.9,22.42,11.02,33.44,1.017,3.053,13.0,26.5,51,8.8,5.73,71,169.7,96.3,1,2
7.5,2.9,6.6,1.9,21.75,12.54,34.29,1.136,3.474,14.35,29.6,70,6.5,5.69,57,91.9,91.2,1,2
5.3,3.3,1.1,0.1,17.49,0.11,17.6,4.818,11.0,1.92,24.0,68,8.9,6.61,67,240.0,71.2,0,0
5.3,2.8,6.1,2.2,14.84,13.42,28.26,0.869,2.773,9.05,30.2,48,9.8,6.7,52,43.8,97.0,1,2
5.3,2.8,1.1,0.5,14.84,0.55,15.39,4.818,2.2,1.63,23.1,62,7.4,7.11,84,149.0,75.4,2,0
6.7,3.2,4.6,2.4,21.44,11.04,32.48,1.457,1.917,9.86,29.6,62,4.2,6.05,78,91.1,89.5,1,2
4.6,2.6,1.6,0.1,11.96,0.16,12.12,2.875,16.0,1.91,28.4,46,4.6,6.56,54,116.6,67.8,0,0
5.6,2.5,5.0,1.5,14.0,7.5,21.5,1.12,3.333,7.0,30.4,54,4.9,6.74,73,38.8,84.1,2,1
5.9,2.6,3.6,1.6,15.34,5.76,21.1,1.639,2.25,5.52,19.6,72,4.7,6.86,67,131.9,84.2,2,1
4.6,4.4,1.0,0.2,20.24,0.2,20.44,4.6,5.0,2.02,31.2,53,8.6,6.08,37,21.8,74.4,0,0
4.5,3.4,1.2,0.4,15.3,0.48,15.78,3.75,3.0,1.84,27.4,67,4.4,7.22,32,120.3,70.3,0,0
5.6,3.5,1.5,0.5,19.6,0.75,20.35,3.733,3.0,2.94,23.8,52,6.4,7.43,40,204.3,73.4,0,0
7.7,2.3,6.5,1.7,17.71,11.05,28.76,1.185,3.824,11.51,26.2,78,4.5,7.24,77,98.1,89.4,1,2
4.4,3.6,1.5,0.2,15.84,0.3,16.14,2.933,7.5,2.38,28.9,67,8.4,7.14,82,54.0,64.2,0,0
5.3,2.8,4.6,1.5,14.84,6.9,21.74,1.152,3.067,6.83,20.5,85,7.0,7.01,78,153.3,86.7,2,1
6.8,3.8,5.3,2.5,25.84,13.25,39.09,1.283,2.12,13.7,22.4,73,4.4,6.38,49,203.2,98.0,1,2
6.0,2.4,3.9,1.0,14.4,3.9,18.3,1.538,3.9,5.62,29.6,49,7.9,7.45,35,161.5,77.9,2,1
6.1,3.3,4.6,1.0,20.13,4.6,24.73,1.326,4.6,9.26,30.7,81,7.9,6.14,60,135.3,86.5,2,1
5.1,3.3,3.7,1.6,16.83,5.92,22.75,1.378,2.312,6.23,25.1,56,4.2,6.92,58,140.5,83.6,2,1
5.7,2.4,3.9,1.3,13.68,5.07,18.75,1.462,3.0,5.34,26.4,85,7.9,5.63,36,148.3,78.3,2,1
6.4,2.9,4.9,1.7,18.56,8.33,26.89,1.306,2.882,9.09,22.7,82,8.0,7.33,49,242.6,89.8,1,1
5.2,3.0,3.2,1.4,15.6,4.48,20.08,1.625,2.286,4.99,27.0,66,8.9,6.84,83,237.8,86.9,2,1
5.2,3.3,5.7,1.4,17.16,7.98,25.14,0.912,4.071,9.78,22.3,58,6.1,7.03,42,72.1,80.2,2,2
4.7,4.0,1.5,0.4,18.8,0.6,19.4,3.133,3.75,2.82,28.3,78,4.2,6.17,79,162.1,72.8,0,0
4.5,4.0,1.7,0.5,18.0,0.85,18.85,2.647,3.4,3.06,20.3,73,4.3,6.23,76,74.6,70.8,0,0
6.5,3.1,3.5,1.2,20.15,4.2,24.35,1.857,2.917,7.05,31.5,75,9.4,5.89,73,237.8,86.2,2,1
6.5,3.1,4.1,1.3,20.15,5.33,25.48,1.585,3.154,8.26,20.3,57,8.8,5.78,46,32.0,80.3,2,1
6.1,2.1,4.8,1.7,12.81,8.16,20.97,1.271,2.824,6.15,22.0,55,5.6,7.31,39,211.1,79.8,2,1
5.5,4.2,1.8,0.3,23.1,0.54,23.64,3.056,6.0,4.16,23.6,68,5.4,7.49,53,71.6,68.2,0,0
5.6,3.7,1.7,0.2,20.72,0.34,21.06,3.294,8.5,3.52,22.0,75,8.2,5.78,75,127.9,72.5,0,0
4.3,2.8,1.1,0.6,12.04,0.66,12.7,3.909,1.833,1.32,26.5,72,4.7,6.08,49,48.0,67.1,0,0
7.3,2.9,4.8,2.4,21.17,11.52,32.69,1.521,2.0,10.16,26.4,46,7.8,6.65,75,53.0,91.9,1,2
6.0,3.1,4.9,2.1,18.6,10.29,28.89,1.224,2.333,9.11,25.3,68,4.4,6.55,62,200.9,90.7,1,2
4.9,3.3,1.6,0.6,16.17,0.96,17.13,3.062,2.667,2.59,21.6,46,6.1,5.64,45,188.6,74.0,0,0
7.1,2.7,4.6,2.0,19.17,9.2,28.37,1.543,2.3,8.82,29.4,56,9.0,6.87,74,130.1,83.3,2,2
4.4,3.9,1.4,0.2,17.16,0.28,17.44,3.143,7.0,2.4,18.6,57,9.3,6.13,49,138.5,78.4,2,0
6.3,2.3,6.1,1.7,14.49,10.37,24.86,1.033,3.588,8.84,30.1,48,9.2,6.16,37,203.8,89.7,1,2
6.5,3.3,3.8,1.8,21.45,6.84,28.29,1.711,2.111,8.15,24.9,76,6.2,7.09,47,204.3,87.3,2,1
4.9,4.4,1.2,0.2,21.56,0.24,21.8,4.083,6.0,2.59,19.4,65,8.0,6.11,68,185.1,65.1,0,0
5.6,2.1,4.8,1.3,11.76,6.24,18.0,1.167,3.692,5.64,32.0,62,7.8,7.08,33,37.3,84.7,2,1
6.0,3.0,3.3,1.0,18.0,3.3,21.3,1.818,3.3,5.94,29.9,88,8.7,5.57,34,74.3,78.9,2,1
5.7,2.8,4.3,1.5,15.96,6.45,22.41,1.326,2.867,6.86,31.3,68,6.7,5.65,38,141.8,81.3,2,1
5.7,3.7,4.6,1.6,21.09,7.36,28.45,1.239,2.875,9.7,25.2,80,4.7,7.05,75,122.6,92.7,1,2
6.4,3.4,3.4,1.1,21.76,3.74,25.5,1.882,3.091,7.4,19.0,56,9.4,6.39,35,206.4,85.0,2,1
6.3,3.0,4.2,1.2,18.9,5.04,23.94,1.5,3.5,7.94,22.2,55,8.3,7.35,70,60.0,77.9,2,1
4.5,2.7,1.1,0.5,12.15,0.55,12.7,4.091,2.2,1.34,18.4,80,7.4,6.43,65,49.8,77.2,2,0
4.8,4.4,1.6,0.4,21.12,0.64,21.76,3.0,4.0,3.38,28.8,81,4.4,7.44,71,37.1,70.7,0,0
5.9,3.6,6.4,2.1,21.24,13.44,34.68,0.922,3.048,13.59,20.5,53,6.6,7.32,33,211.2,97.2,1,2
5.2,2.5,4.5,1.3,13.0,5.85,18.85,1.156,3.462,5.85,31.2,63,9.1,6.0,70,240.0,78.1,2,1
5.8,3.1,5.7,1.6,17.98,9.12,27.1,1.018,3.562,10.25,31.2,54,5.0,6.75,68,97.7,95.0,1,2
5.5,2.4,1.0,0.4,13.2,0.4,13.6,5.5,2.5,1.32,26.1,86,5.3,6.64,69,167.0,70.8,0,0
6.5,3.2,5.2,1.7,20.8,8.84,29.64,1.25,3.059,10.82,29.3,70,5.8,5.65,33,56.4,86.3,2,2
5.3,2.8,3.7,1.6,14.84,5.92,20.76,1.432,2.312,5.49,28.3,67,9.9,5.76,53,138.4,75.5,2,1
5.0,2.9,1.2,0.1,14.5,0.12,14.62,4.167,12.0,1.74,22.1,69,9.2,6.34,85,227.5,75.3,2,0
7.1,2.5,4.9,2.5,17.75,12.25,30.0,1.449,1.96,8.7,24.5,64,7.0,5.68,55,136.3,100.0,1,2
5.2,2.4,1.3,0.4,12.48,0.52,13.0,4.0,3.25,1.62,29.8,88,6.8,6.57,84,44.7,65.2,0,0
6.4,3.1,3.8,1.3,19.84,4.94,24.78,1.684,2.923,7.54,26.0,57,6.2,6.08,54,136.0,84.1,2,1
6.6,2.9,4.3,1.1,19.14,4.73,23.87,1.535,3.909,8.23,19.4,68,8.8,6.18,53,193.6,74.6,0,1
6.1,2.3,4.6,2.2,14.03,10.12,24.15,1.326,2.091,6.45,29.3,78,6.7,6.71,62,52.1,97.1,1,2
5.2,3.4,4.6,1.2,17.68,5.52,23.2,1.13,3.833,8.13,22.7,77,7.2,6.92,49,129.2,73.3,0,1
6.3,3.4,4.2,1.6,21.42,6.72,28.14,1.5,2.625,9.0,28.2,89,7.8,6.69,46,242.4,88.0,2,1
6.6,3.4,5.9,1.6,22.44,9.44,31.88,1.119,3.688,13.24,26.8,84,8.6,6.26,82,176.6,81.4,2,2
5.2,2.2,5.3,1.6,11.44,8.48,19.92,0.981,3.312,6.06,27.7,71,7.0,6.72,60,220.7,90.7,1,2
5.4,3.4,1.5,0.6,18.36,0.9,19.26,3.6,2.5,2.75,24.7,69,5.9,5.85,64,98.7,69.5,0,0
6.9,3.5,5.1,1.9,24.15,9.69,33.84,1.353,2.684,12.32,31.4,62,7.3,5.95,49,197.4,92.7,1,2
7.0,2.7,5.3,2.4,18.9,12.72,31.62,1.321,2.208,10.02,29.1,62,5.7,6.65,64,107.3,100.0,1,2
6.9,3.1,3.6,1.2,21.39,4.32,25.71,1.917,3.0,7.7,28.0,67,9.5,6.81,77,130.2,73.9,0,1
5.7,3.1,5.2,1.5,17.67,7.8,25.47,1.096,3.467,9.19,28.4,60,5.5,6.84,63,71.9,81.3,2,2
4.9,3.8,1.1,0.5,18.62,0.55,19.17,4.455,2.2,2.05,18.1,80,9.9,5.82,71,235.1,77.2,2,0
6.3,3.1,3.6,1.2,19.53,4.32,23.85,1.75,3.0,7.03,18.8,50,7.9,5.96,77,186.3,85.6,2,1
4.9,4.1,1.8,0.1,20.09,0.18,20.27,2.722,18.0,3.62,29.7,76,5.1,7.0,85,233.0,76.4,2,0
4.7,3.6,1.8,0.3,16.92,0.54,17.46,2.611,6.0,3.05,24.4,86,7.3,6.49,38,215.7,70.6,0,0
5.5,3.0,1.7,0.4,16.5,0.68,17.18,3.235,4.25,2.81,28.1,45,8.4,7.08,66,175.1,66.5,0,0
7.5,3.6,6.5,2.0,27.0,13.0,40.0,1.154,3.25,17.55,19.2,87,4.6,7.46,60,94.4,92.0,1,2
5.7,2.6,3.6,1.3,14.82,4.68,19.5,1.583,2.769,5.34,26.2,81,4.1,6.81,74,74.3,82.0,2,1
5.5,2.6,4.1,1.7,14.3,6.97,21.27,1.341,2.412,5.86,27.8,64,8.1,6.78,48,104.5,79.5,2,1
5.0,3.3,1.9,0.3,16.5,0.57,17.07,2.632,6.333,3.13,27.8,75,8.5,7.1,82,70.2,67.1,0,0
7.5,2.3,5.6,2.2,17.25,12.32,29.57,1.339,2.545,9.66,19.1,81,4.7,7.16,62,66.5,95.2,1,2
4.8,3.4,1.1,0.2,16.32,0.22,16.54,4.364,5.5,1.8,26.2,50,9.4,6.39,33,124.3,70.7,0,0
6.1,2.8,4.4,1.2,17.08,5.28,22.36,1.386,3.667,7.52,18.3,61,8.9,6.99,67,36.8,79.3,2,1
5.1,3.8,6.7,1.5,19.38,10.05,29.43,0.761,4.467,12.98,31.1,47,5.7,5.86,38,196.1,97.8,1,2
7.8,2.8,6.6,1.9,21.84,12.54,34.38,1.182,3.474,14.41,30.8,69,6.3,6.87,72,221.1,89.2,1,2
5.1,3.4,3.8,1.1,17.34,4.18,21.52,1.342,3.455,6.59,31.7,45,8.5,7.46,59,174.9,79.1,2,1
6.0,2.6,5.6,1.6,15.6,8.96,24.56,1.071,3.5,8.74,20.6,52,4.2,6.82,69,196.2,94.1,1,2
4.7,2.4,1.5,0.3,11.28,0.45,11.73,3.133,5.0,1.69,27.4,48,5.5,5.59,58,73.9,66.4,0,0
4.5,4.4,1.2,0.6,19.8,0.72,20.52,3.75,2.0,2.38,26.1,81,7.6,6.85,50,74.5,77.5,2,0
6.5,2.9,5.2,2.0,18.85,10.4,29.25,1.25,2.6,9.8,26.3,56,7.8,6.35,61,30.8,88.3,1,2
6.9,3.5,5.3,1.9,24.15,10.07,34.22,1.302,2.789,12.8,20.1,69,5.1,6.58,45,215.3,87.0,2,2
5.3,2.9,4.6,1.9,15.37,8.74,24.11,1.152,2.421,7.07,23.8,78,4.8,5.99,43,96.0,80.7,2,2
6.7,2.1,4.5,1.2,14.07,5.4,19.47,1.489,3.75,6.33,21.8,88,7.6,5.58,34,63.3,85.0,2,1
6.9,2.5,5.0,2.4,17.25,12.0,29.25,1.38,2.083,8.62,22.2,45,5.3,5.88,77,47.0,100.0,1,2
6.8,3.0,4.5,1.3,20.4,5.85,26.25,1.511,3.462,9.18,21.4,65,8.7,6.26,64,169.2,78.6,2,1
6.0,2.7,3.2,1.8,16.2,5.76,21.96,1.875,1.778,5.18,24.6,65,9.5,6.24,56,30.5,87.3,2,1
5.3,2.6,6.7,2.0,13.78,13.4,27.18,0.791,3.35,9.23,23.8,54,5.2,5.96,66,211.7,96.8,1,2
7.7,2.7,6.3,1.9,20.79,11.97,32.76,1.222,3.316,13.1,28.1,76,6.8,6.97,52,58.9,97.5,1,2
5.3,3.2,5.1,1.8,16.96,9.18,26.14,1.039,2.833,8.65,25.3,49,9.7,6.84,78,21.5,82.6,2,1
5.6,3.3,4.5,2.0,18.48,9.0,27.48,1.244,2.25,8.32,23.2,84,7.8,7.37,60,171.6,80.3,2,2
6.6,2.2,5.8,1.7,14.52,9.86,24.38,1.138,3.412,8.42,31.7,46,7.0,6.9,57,205.4,96.3,1,2
5.7,3.4,1.2,0.4,19.38,0.48,19.86,4.75,3.0,2.33,21.5,67,5.6,6.29,53,240.6,70.3,0,0
5.8,2.8,1.6,0.5,16.24,0.8,17.04,3.625,3.2,2.6,27.2,86,8.6,5.69,54,106.7,71.2,0,0
4.9,2.5,5.7,1.9,12.25,10.83,23.08,0.86,3.0,6.98,29.0,81,9.9,7.45,63,231.4,87.3,2,2
7.6,3.0,4.6,1.5,22.8,6.9,29.7,1.652,3.067,10.49,31.0,79,7.4,5.57,84,92.3,91.2,1,2
5.3,3.5,6.5,2.4,18.55,15.6,34.15,0.815,2.708,12.06,22.2,81,5.4,7.17,54,175.7,100.0,1,2
6.5,2.2,5.1,1.6,14.3,8.16,22.46,1.275,3.187,7.29,25.0,67,4.3,6.37,83,37.5,88.0,2,1
7.8,2.8,6.4,1.4,21.84,8.96,30.8,1.219,4.571,13.98,21.8,73,6.9,6.21,54,119.3,90.8,1,2
6.0,3.4,5.2,1.7,20.4,8.84,29.24,1.154,3.059,10.61,19.0,62,4.9,6.92,70,55.5,85.9,2,2
5.1,2.0,3.6,1.3,10.2,4.68,14.88,1.417,2.769,3.67,21.8,53,4.5,6.36,65,147.6,77.9,2,1
4.4,3.5,1.5,0.5,15.4,0.75,16.15,2.933,3.0,2.31,30.1,45,5.8,6.28,35,186.7,72.5,0,0
5.2,2.7,1.3,0.2,14.04,0.26,14.3,4.0,6.5,1.83,22.2,76,4.9,5.83,47,116.9,70.3,0,0
4.8,4.3,1.6,0.3,20.64,0.48,21.12,3.0,5.333,3.3,26.6,74,4.6,6.11,55,96.4,72.9,0,0
5.8,2.6,4.7,1.5,15.08,7.05,22.13,1.234,3.133,7.09,26.3,64,5.9,7.39,42,130.2,78.9,2,1
6.9,2.4,4.5,1.4,16.56,6.3,22.86,1.533,3.214,7.45,26.1,60,6.0,6.06,80,110.4,76.4,2,1
5.5,3.8,4.9,2.2,20.9,10.78,31.68,1.122,2.227,10.24,18.4,74,9.7,5.92,81,87.0,94.6,1,2
6.3,2.2,3.6,1.2,13.86,4.32,18.18,1.75,3.0,4.99,20.2,72,8.7,5.65,68,130.2,77.1,2,1
7.7,3.6,5.5,1.4,27.72,7.7,35.42,1.4,3.929,15.25,31.6,89,9.4,6.57,70,230.3,79.1,2,2
5.3,3.0,1.6,0.1,15.9,0.16,16.06,3.312,16.0,2.54,31.8,88,7.9,7.43,51,242.1,69.2,0,0
4.4,2.8,1.7,0.4,12.32,0.68,13.0,2.588,4.25,2.09,27.6,59,6.7,6.28,79,176.3,74.4,0,0
4.8,2.4,1.1,0.3,11.52,0.33,11.85,4.364,3.667,1.27,31.5,52,9.0,6.96,52,91.7,69.9,0,0
5.1,3.0,1.1,0.5,15.3,0.55,15.85,4.636,2.2,1.68,24.3,49,5.8,7.12,37,25.2,68.6,0,0
5.3,2.6,1.9,0.2,13.78,0.38,14.16,2.789,9.5,2.62,20.4,55,6.0,6.35,59,73.3,69.2,0,0
4.6,3.7,1.4,0.5,17.02,0.7,17.72,3.286,2.8,2.38,30.4,73,7.6,6.28,75,69.4,67.9,0,0
7.3,2.3,4.7,2.4,16.79,11.28,28.07,1.553,1.958,7.89,20.6,65,5.2,5.73,72,218.4,93.0,1,2
5.8,2.8,5.4,1.5,16.24,8.1,24.34,1.074,3.6,8.77,22.9,74,7.7,7.13,75,204.1,92.9,1,2
5.2,2.4,4.8,1.7,12.48,8.16,20.64,1.083,2.824,5.99,20.6,89,4.8,6.28,68,51.7,84.5,2,2
5.0,3.4,1.8,0.6,17.0,1.08,18.08,2.778,3.0,3.06,20.4,55,6.9,5.78,50,213.7,74.1,0,0
6.9,2.7,3.4,1.3,18.63,4.42,23.05,2.029,2.615,6.33,25.9,86,7.0,6.87,56,183.3,77.9,2,1
4.4,2.4,1.7,0.2,10.56,0.34,10.9,2.588,8.5,1.8,21.8,79,5.7,7.06,66,190.8,74.9,0,0
6.4,3.1,5.1,2.0,19.84,10.2,30.04,1.255,2.55,10.12,31.9,79,8.9,5.58,76,121.5,85.9,2,2
5.1,3.2,4.6,1.2,16.32,5.52,21.84,1.109,3.833,7.51,32.0,73,5.6,7.22,35,121.0,88.9,1,1
4.6,3.8,1.6,0.5,17.48,0.8,18.28,2.875,3.2,2.8,26.5,72,5.0,5.78,43,207.1,76.5,2,0
6.0,2.6,5.8,1.8,15.6,10.44,26.04,1.034,3.222,9.05,27.9,63,7.4,7.4,62,246.7,93.7,1,2
4.5,3.9,1.4,0.1,17.55,0.14,17.69,3.214,14.0,2.46,21.9,86,4.8,7.23,45,53.6,67.4,0,0
5.4,3.7,1.4,0.4,19.98,0.56,20.54,3.857,3.5,2.8,21.8,71,6.3,5.65,80,222.4,64.6,0,0
7.1,3.3,6.6,1.9,23.43,12.54,35.97,1.076,3.474,15.46,24.8,82,4.0,7.05,76,41.4,100.0,1,2
6.9,2.8,4.7,2.0,19.32,9.4,28.72,1.468,2.35,9.08,21.0,72,8.9,6.49,50,210.5,86.2,2,2
5.3,3.6,6.4,2.4,19.08,15.36,34.44,0.828,2.667,12.21,28.7,47,4.6,7.07,59,23.7,100.0,1,2
5.0,2.3,1.9,0.2,11.5,0.38,11.88,2.632,9.5,2.18,27.6,53,9.3,6.1,85,234.5,67.1,0,0
6.0,2.3,6.1,2.1,13.8,12.81,26.61,0.984,2.905,8.42,18.7,85,5.8,6.9,44,118.7,89.1,1,2
4.3,3.3,1.1,0.2,14.19,0.22,14.41,3.909,5.5,1.56,27.5,45,4.0,6.19,37,247.3,69.2,0,0
5.0,2.8,1.1,0.5,14.0,0.55,14.55,4.545,2.2,1.54,19.4,68,9.3,5.77,79,207.1,77.1,2,0
7.9,2.4,5.8,1.4,18.96,8.12,27.08,1.362,4.143,11.0,27.1,73,6.1,5.93,77,54.8,84.8,2,2
6.2,2.5,6.7,1.6,15.5,10.72,26.22,0.925,4.188,10.39,19.7,69,6.1,6.36,80,52.2,87.9,2,2
4.7,3.6,1.6,0.2,16.92,0.32,17.24,2.938,8.0,2.71,31.2,46,9.1,6.82,49,67.3,72.4,0,0
5.4,2.9,1.0,0.5,15.66,0.5,16.16,5.4,2.0,1.57,31.4,76,6.3,5.98,70,156.6,71.5,0,0
5.8,4.3,1.1,0.5,24.94,0.55,25.49,5.273,2.2,2.74,26.0,68,7.3,5.85,60,239.5,75.4,2,0
5.2,2.3,1.2,0.6,11.96,0.72,12.68,4.333,2.0,1.44,31.3,70,7.0,6.76,62,196.4,70.2,0,0
5.1,2.8,4.3,1.2,14.28,5.16,19.44,1.186,3.583,6.14,22.3,77,9.5,7.45,39,143.4,78.6,2,1
7.2,3.2,6.0,1.7,23.04,10.2,33.24,1.2,3.529,13.82,24.1,60,4.3,5.67,57,46.7,92.2,1,2
4.8,3.9,1.7,0.2,18.72,0.34,19.06,2.824,8.5,3.18,27.9,89,4.1,6.49,52,140.3,75.2,2,0
5.7,2.8,6.3,2.4,15.96,15.12,31.08,0.905,2.625,10.05,28.3,52,8.6,5.56,81,118.7,100.0,1,2
6.4,2.8,3.2,1.4,17.92,4.48,22.4,2.0,2.286,5.73,23.0,76,9.2,5.83,40,78.7,72.6,0,1
6.9,2.4,6.3,1.4,16.56,8.82,25.38,1.095,4.5,10.43,30.0,45,5.5,6.44,54,231.7,82.5,2,2
5.1,4.2,1.7,0.3,21.42,0.51,21.93,3.0,5.667,3.64,22.5,71,9.5,6.14,82,37.9,69.0,0,0
6.9,2.3,5.0,2.0,15.87,10.0,25.87,1.38,2.5,7.93,18.6,70,4.4,6.43,48,197.9,87.0,2,2
5.1,2.3,1.2,0.4,11.73,0.48,12.21,4.25,3.0,1.41,22.3,84,5.5,6.24,61,249.5,75.4,2,0
7.6,3.4,5.1,1.4,25.84,7.14,32.98,1.49,3.643,13.18,23.7,59,7.2,6.77,74,221.8,91.5,1,2
5.4,3.1,1.7,0.3,16.74,0.51,17.25,3.176,5.667,2.85,20.9,60,6.5,7.42,39,183.7,64.5,0,0
5.6,3.4,1.6,0.3,19.04,0.48,19.52,3.5,5.333,3.05,31.6,50,7.5,6.51,70,208.6,64.2,0,0
5.1,3.3,4.8,1.7,16.83,8.16,24.99,1.062,2.824,8.08,29.9,70,8.2,6.97,50,124.1,82.1,2,2
4.5,3.9,1.1,0.2,17.55,0.22,17.77,4.091,5.5,1.93,24.3,65,6.4,6.57,79,67.8,67.4,0,0
6.7,2.1,4.7,1.2,14.07,5.64,19.71,1.426,3.917,6.61,27.9,83,4.2,7.17,50,54.1,84.7,2,1
5.7,2.1,3.6,1.7,11.97,6.12,18.09,1.583,2.118,4.31,20.4,70,9.1,6.61,65,77.5,81.6,2,1
4.5,2.4,1.7,0.2,10.8,0.34,11.14,2.647,8.5,1.84,20.8,70,6.2,6.76,71,39.3,72.1,0,0
4.3,2.4,1.8,0.3,10.32,0.54,10.86,2.389,6.0,1.86,19.8,66,4.7,7.38,33,58.6,72.3,0,0
6.1,2.2,6.1,1.6,13.42,9.76,23.18,1.0,3.812,8.19,21.0,56,5.6,6.39,39,28.0,91.4,1,2
5.3,3.3,1.8,0.3,17.49,0.54,18.03,2.944,6.0,3.15,19.2,69,4.8,5.9,81,140.9,73.2,0,0
7.3,3.8,6.4,1.8,27.74,11.52,39.26,1.141,3.556,17.75,25.6,76,6.1,6.63,50,109.3,87.9,2,2
6.2,2.0,4.7,1.2,12.4,5.64,18.04,1.319,3.917,5.83,29.3,75,7.2,7.03,44,244.0,74.9,0,1
5.6,3.1,6.4,2.2,17.36,14.08,31.44,0.875,2.909,11.11,28.7,59,7.5,7.47,54,101.6,100.0,1,2
4.6,3.5,1.7,0.4,16.1,0.68,16.78,2.706,4.25,2.74,30.8,46,8.2,6.2,66,149.6,72.4,0,0
5.6,4.0,1.9,0.4,22.4,0.76,23.16,2.947,4.75,4.26,20.5,47,4.5,5.97,44,24.6,71.2,0,0
6.8,2.3,3.3,1.6,15.64,5.28,20.92,2.061,2.062,5.16,30.9,65,4.4,5.8,75,231.0,84.9,2,1
7.5,3.7,5.4,2.4,27.75,12.96,40.71,1.389,2.25,14.99,23.5,51,6.0,6.15,40,188.4,94.9,1,2
7.8,3.2,4.9,2.5,24.96,12.25,37.21,1.592,1.96,12.23,27.7,84,8.7,5.95,67,207.3,92.6,1,2
7.0,2.4,6.2,2.4,16.8,14.88,31.68,1.129,2.583,10.42,31.3,70,9.1,7.04,66,27.4,100.0,1,2
5.6,3.1,6.7,1.6,17.36,10.72,28.08,0.836,4.188,11.63,28.4,60,6.1,6.14,70,223.6,84.9,2,2
6.9,3.4,5.3,1.4,23.46,7.42,30.88,1.302,3.786,12.43,20.9,89,4.4,6.01,36,185.7,77.6,2,2
6.4,3.4,4.9,1.4,21.76,6.86,28.62,1.306,3.5,10.66,23.3,79,6.3,7.16,80,218.7,86.1,2,1
5.6,2.9,6.4,1.4,16.24,8.96,25.2,0.875,4.571,10.39,18.3,61,9.7,5.65,40,224.2,82.5,2,2
5.1,4.2,1.1,0.4,21.42,0.44,21.86,4.636,2.75,2.36,26.6,75,8.2,6.36,71,57.9,77.1,2,0
4.4,3.0,1.9,0.3,13.2,0.57,13.77,2.316,6.333,2.51,25.8,79,5.6,6.06,45,42.1,69.4,0,0
7.4,2.4,5.4,1.9,17.76,10.26,28.02,1.37,2.842,9.59,22.1,87,7.8,6.46,36,25.9,85.3,2,2
7.0,2.7,3.2,1.6,18.9,5.12,24.02,2.188,2.0,6.05,24.6,87,5.6,6.78,54,62.5,86.4,2,1
5.3,2.1,3.9,1.2,11.13,4.68,15.81,1.359,3.25,4.34,29.7,81,4.4,7.0,72,42.2,82.1,2,1
6.1,3.4,5.0,1.5,20.74,7.5,28.24,1.22,3.333,10.37,23.4,78,6.5,6.57,85,235.4,86.2,2,2
5.0,2.5,1.8,0.5,12.5,0.9,13.4,2.778,3.6,2.25,25.0,78,8.8,6.86,69,53.9,79.0,2,0
5.3,3.4,5.0,1.6,18.02,8.0,26.02,1.06,3.125,9.01,19.8,72,4.5,6.87,42,249.4,88.0,2,1
5.7,3.7,6.7,1.5,21.09,10.05,31.14,0.851,4.467,14.13,23.4,70,7.3,7.21,63,125.4,96.1,1,2
6.8,3.0,5.5,1.9,20.4,10.45,30.85,1.236,2.895,11.22,20.1,82,7.5,7.43,36,232.7,91.9,1,2
5.5,4.1,1.8,0.5,22.55,0.9,23.45,3.056,3.6,4.06,21.7,86,6.9,6.72,32,59.6,70.2,0,0
6.7,3.3,4.6,2.4,22.11,11.04,33.15,1.457,1.917,10.17,22.6,60,4.3,6.45,47,226.3,84.4,2,2
5.6,3.2,4.8,1.5,17.92,7.2,25.12,1.167,3.2,8.6,31.6,59,4.8,7.45,58,198.0,81.5,2,1
6.2,3.2,5.0,1.6,19.84,8.0,27.84,1.24,3.125,9.92,29.5,76,8.6,7.23,82,32.9,90.7,1,2
4.8,3.4,1.1,0.5,16.32,0.55,16.87,4.364,2.2,1.8,30.3,46,5.0,7.25,42,212.5,67.1,0,0
5.0,2.5,3.4,1.3,12.5,4.42,16.92,1.471,2.615,4.25,24.5,70,7.8,5.75,31,75.6,78.7,2,1
5.3,3.2,4.2,1.3,16.96,5.46,22.42,1.262,3.231,7.12,20.3,61,8.5,6.88,48,26.3,73.7,0,1
7.2,2.5,5.0,1.6,18.0,8.0,26.0,1.44,3.125,9.0,20.9,86,6.5,5.54,79,242.4,88.9,1,2
6.8,2.9,4.3,1.0,19.72,4.3,24.02,1.581,4.3,8.48,21.5,64,8.3,6.92,47,117.5,76.6,2,1
5.9,2.3,3.6,1.4,13.57,5.04,18.61,1.639,2.571,4.89,26.7,82,4.6,6.52,72,242.3,85.5,2,1
6.8,3.2,5.2,1.5,21.76,7.8,29.56,1.308,3.467,11.32,18.9,62,7.8,7.22,46,170.9,92.8,1,2
5.8,2.4,6.3,2.4,13.92,15.12,29.04,0.921,2.625,8.77,29.3,83,6.4,6.14,38,185.9,100.0,1,2
5.4,2.6,3.8,1.0,14.04,3.8,17.84,1.421,3.8,5.34,27.9,81,8.9,6.19,75,71.1,78.2,2,1
6.8,2.9,4.1,1.7,19.72,6.97,26.69,1.659,2.412,8.09,29.8,80,5.1,5.7,38,190.4,87.5,2,1
7.2,2.5,6.1,1.8,18.0,10.98,28.98,1.18,3.389,10.98,19.3,67,5.3,7.24,56,201.3,89.3,1,2
6.1,2.6,3.2,1.0,15.86,3.2,19.06,1.906,3.2,5.08,26.9,82,9.7,5.64,42,135.1,82.3,2,1
6.0,2.6,4.8,1.1,15.6,5.28,20.88,1.25,4.364,7.49,31.9,66,6.5,6.64,59,52.9,86.4,2,1
5.5,3.3,1.6,0.2,18.15,0.32,18.47,3.438,8.0,2.9,26.9,45,6.7,5.92,79,58.8,74.9,0,0
6.5,3.1,3.3,1.3,20.15,4.29,24.44,1.97,2.538,6.65,24.0,72,9.8,6.27,32,142.8,82.3,2,1
5.6,3.9,1.5,0.1,21.84,0.15,21.99,3.733,15.0,3.28,18.1,60,5.4,7.25,49,49.7,68.4,0,0
5.8,2.3,4.6,2.4,13.34,11.04,24.38,1.261,1.917,6.14,24.4,78,7.6,6.18,73,249.0,89.6,1,2
5.7,2.3,5.0,1.7,13.11,8.5,21.61,1.14,2.941,6.55,23.6,59,5.3,7.47,43,188.8,88.4,1,1
4.5,3.8,1.7,0.3,17.1,0.51,17.61,2.647,5.667,2.91,27.0,79,7.7,6.69,33,172.3,73.5,0,0
4.4,2.5,1.4,0.2,11.0,0.28,11.28,3.143,7.0,1.54,21.5,89,4.9,6.89,70,22.1,69.3,0,0
5.3,2.9,1.5,0.2,15.37,0.3,15.67,3.533,7.5,2.31,29.6,51,7.1,6.74,48,46.2,64.3,0,0
5.2,3.9,1.7,0.6,20.28,1.02,21.3,3.059,2.833,3.45,23.0,71,5.8,5.58,61,229.4,75.1,2,0
5.6,2.0,4.4,1.7,11.2,7.48,18.68,1.273,2.588,4.93,29.7,87,7.0,7.4,79,137.7,88.5,1,1
5.7,3.7,1.4,0.6,21.09,0.84,21.93,4.071,2.333,2.95,21.7,48,4.6,5.85,32,216.0,69.4,0,0
5.8,3.4,4.7,2.2,19.72,10.34,30.06,1.234,2.136,9.27,18.6,53,8.0,5.84,52,225.7,98.0,1,2
6.7,2.1,4.7,1.1,14.07,5.17,19.24,1.426,4.273,6.61,23.6,74,5.6,6.27,84,130.0,79.1,2,1
4.5,3.8,1.1,0.6,17.1,0.66,17.76,4.091,1.833,1.88,20.2,71,9.5,6.47,66,176.0,66.2,0,0
6.5,2.9,4.8,1.7,18.85,8.16,27.01,1.354,2.824,9.05,28.2,53,6.9,6.48,56,121.4,79.3,2,1
5.8,3.3,6.1,2.2,19.14,13.42,32.56,0.951,2.773,11.68,26.1,81,5.3,7.41,85,97.8,97.2,1,2
6.8,2.9,6.2,1.9,19.72,11.78,31.5,1.097,3.263,12.23,27.3,86,6.3,7.18,65,225.2,95.4,1,2
5.3,2.6,1.8,0.5,13.78,0.9,14.68,2.944,3.6,2.48,30.2,49,8.5,6.14,51,243.1,64.6,0,0
5.1,3.1,1.7,0.1,15.81,0.17,15.98,3.0,17.0,2.69,24.2,81,6.7,7.21,58,92.7,78.0,2,0
6.9,2.4,5.5,2.0,16.56,11.0,27.56,1.255,2.75,9.11,18.0,50,8.8,7.43,70,90.1,92.1,1,2
5.3,3.3,1.3,0.5,17.49,0.65,18.14,4.077,2.6,2.27,29.4,74,6.0,7.03,68,128.8,73.8,0,0
6.3,2.4,6.1,1.4,15.12,8.54,23.66,1.033,4.357,9.22,23.0,85,9.8,6.08,63,106.0,80.8,2,2
5.0,4.0,1.7,0.3,20.0,0.51,20.51,2.941,5.667,3.4,21.6,57,5.1,7.36,55,69.6,76.2,2,0
5.4,2.5,1.4,0.6,13.5,0.84,14.34,3.857,2.333,1.89,29.7,82,4.7,7.28,59,171.4,79.0,2,0
5.7,2.3,1.7,0.4,13.11,0.68,13.79,3.353,4.25,2.23,24.1,82,6.9,6.52,41,179.1,66.1,0,0
4.5,3.7,1.5,0.3,16.65,0.45,17.1,3.0,5.0,2.5,30.3,71,9.9,7.33,78,77.1,69.3,0,0
6.9,2.6,3.3,1.3,17.94,4.29,22.23,2.091,2.538,5.92,27.8,77,5.8,6.9,85,92.2,82.4,2,1
6.8,2.5,6.0,1.7,17.0,10.2,27.2,1.133,3.529,10.2,22.8,88,4.8,6.92,41,135.9,93.5,1,2
6.4,3.1,4.2,1.5,19.84,6.3,26.14,1.524,2.8,8.33,31.2,90,6.5,7.0,83,142.8,88.6,1,1
6.6,2.7,3.1,1.1,17.82,3.41,21.23,2.129,2.818,5.52,27.4,57,5.6,7.07,48,177.2,71.2,0,1
5.3,2.9,1.7,0.1,15.37,0.17,15.54,3.118,17.0,2.61,29.4,51,7.7,6.85,65,218.9,74.2,0,0
6.1,3.0,6.4,2.2,18.3,14.08,32.38,0.953,2.909,11.71,27.7,48,9.6,6.28,80,244.4,95.2,1,2
5.1,3.4,5.0,2.4,17.34,12.0,29.34,1.02,2.083,8.67,30.0,73,9.0,7.32,75,183.2,91.9,1,2
6.5,3.2,6.4,2.5,20.8,16.0,36.8,1.016,2.56,13.31,22.1,56,9.9,5.65,41,189.1,95.9,1,2
4.9,3.5,1.1,0.4,17.15,0.44,17.59,4.455,2.75,1.89,21.6,66,6.8,7.37,32,55.4,68.0,0,0
5.5,3.6,1.8,0.3,19.8,0.54,20.34,3.056,6.0,3.56,29.1,80,6.1,7.07,50,140.8,78.4,2,0
5.1,3.0,5.5,2.0,15.3,11.0,26.3,0.927,2.75,8.41,19.3,59,9.3,6.83,51,103.0,87.5,2,2
6.5,3.8,6.5,2.5,24.7,16.25,40.95,1.0,2.6,16.05,18.1,87,6.1,5.98,71,161.2,100.0,1,2
5.3,3.0,1.8,0.6,15.9,1.08,16.98,2.944,3.0,2.86,23.4,79,8.3,5.55,63,209.1,70.2,0,0
6.2,2.3,6.7,1.6,14.26,10.72,24.98,0.925,4.188,9.55,25.2,51,5.0,7.41,64,142.6,93.5,1,2
5.3,3.9,1.8,0.3,20.67,0.54,21.21,2.944,6.0,3.72,19.5,79,9.0,7.26,77,198.3,73.4,0,0
5.4,2.6,1.4,0.3,14.04,0.42,14.46,3.857,4.667,1.97,19.2,48,5.1,6.0,34,152.2,66.5,0,0
5.8,2.6,3.8,1.3,15.08,4.94,20.02,1.526,2.923,5.73,23.5,52,7.2,6.78,69,34.5,83.8,2,1
5.4,2.5,1.8,0.2,13.5,0.36,13.86,3.0,9.0,2.43,29.0,64,7.6,6.06,58,107.7,75.9,2,0
5.0,3.4,1.1,0.3,17.0,0.33,17.33,4.545,3.667,1.87,29.2,79,5.8,6.77,49,175.8,77.3,2,0
6.8,3.7,4.5,2.4,25.16,10.8,35.96,1.511,1.875,11.32,20.0,47,4.0,6.69,64,145.9,85.0,2,2
5.4,4.2,1.3,0.3,22.68,0.39,23.07,4.154,4.333,2.95,27.0,77,4.9,5.87,69,212.0,65.9,0,0
5.3,3.5,1.0,0.5,18.55,0.5,19.05,5.3,2.0,1.85,31.9,80,6.8,6.6,48,174.5,67.0,0,0
5.4,3.3,1.3,0.2,17.82,0.26,18.08,4.154,6.5,2.32,27.2,51,5.7,5.64,42,93.1,69.7,0,0
6.9,3.3,4.9,2.0,22.77,9.8,32.57,1.408,2.45,11.16,29.3,72,5.0,6.13,80,71.0,93.4,1,2
5.5,2.5,4.4,1.3,13.75,5.72,19.47,1.25,3.385,6.05,24.7,73,6.2,6.11,65,45.0,83.8,2,1
5.6,4.1,1.1,0.4,22.96,0.44,23.4,5.091,2.75,2.53,21.7,85,4.5,5.65,31,215.4,73.0,0,0
6.6,3.4,5.0,1.4,22.44,7.0,29.44,1.32,3.571,11.22,21.6,79,6.8,7.05,53,110.3,90.3,1,2
7.1,2.7,5.6,2.0,19.17,11.2,30.37,1.268,2.8,10.74,23.6,77,4.1,5.98,81,245.8,95.3,1,2
5.3,2.5,5.9,2.0,13.25,11.8,25.05,0.898,2.95,7.82,30.2,54,8.4,6.47,52,29.3,97.8,1,2
4.4,3.1,1.0,0.2,13.64,0.2,13.84,4.4,5.0,1.36,30.7,68,6.3,7.34,32,29.2,72.8,0,0
5.4,3.4,1.7,0.5,18.36,0.85,19.21,3.176,3.4,3.12,21.7,79,7.4,6.25,54,104.0,74.2,0,0
5.1,3.1,1.8,0.4,15.81,0.72,16.53,2.833,4.5,2.85,22.9,67,6.9,6.46,68,21.5,77.6,2,0
5.2,2.1,4.4,1.2,10.92,5.28,16.2,1.182,3.667,4.8,20.6,68,7.6,7.13,72,73.0,85.5,2,1
5.2,3.3,5.6,2.0,17.16,11.2,28.36,0.929,2.8,9.61,27.1,71,4.1,5.59,66,156.2,86.6,2,2
5.0,3.1,4.6,1.7,15.5,7.82,23.32,1.087,2.706,7.13,20.5,70,7.6,6.63,31,222.1,89.3,1,2
6.9,2.3,4.3,1.4,15.87,6.02,21.89,1.605,3.071,6.82,24.7,59,9.0,6.7,80,154.0,86.3,2,1
6.9,2.6,6.2,1.8,17.94,11.16,29.1,1.113,3.444,11.12,24.3,82,4.4,6.26,38,45.0,87.6,2,2
7.0,3.5,6.0,1.6,24.5,9.6,34.1,1.167,3.75,14.7,30.6,83,4.2,7.07,62,193.0,82.7,2,2
5.3,3.2,6.5,2.4,16.96,15.6,32.56,0.815,2.708,11.02,28.8,86,6.6,6.34,85,30.0,100.0,1,2
5.7,3.3,1.7,0.3,18.81,0.51,19.32,3.353,5.667,3.2,29.3,89,7.5,6.35,46,129.7,66.7,0,0
4.7,4.1,1.4,0.2,19.27,0.28,19.55,3.357,7.0,2.7,27.9,45,7.5,5.74,30,106.3,65.8,0,0
5.8,2.1,3.9,1.5,12.18,5.85,18.03,1.487,2.6,4.75,21.7,79,6.5,6.23,47,248.1,80.1,2,1
4.9,3.9,1.4,0.3,19.11,0.42,19.53,3.5,4.667,2.68,25.8,61,9.9,6.66,79,182.3,74.6,0,0
5.3,2.6,6.4,2.4,13.78,15.36,29.14,0.828,2.667,8.82,19.4,77,6.4,6.18,65,161.2,100.0,1,2
4.5,4.3,1.0,0.1,19.35,0.1,19.45,4.5,10.0,1.93,20.0,83,6.6,5.63,44,105.3,71.9,0,0
6.1,3.8,6.0,2.0,23.18,12.0,35.18,1.017,3.0,13.91,28.0,83,4.3,7.05,41,167.3,93.0,1,2
5.6,4.3,1.5,0.2,24.08,0.3,24.38,3.733,7.5,3.61,29.0,77,7.1,5.96,40,175.0,68.4,0,0
4.9,2.5,6.9,2.3,12.25,15.87,28.12,0.71,3.0,8.45,22.9,70,6.4,5.9,30,189.5,94.8,1,2
5.1,3.8,1.5,0.4,19.38,0.6,19.98,3.4,3.75,2.91,22.9,62,5.4,7.43,59,233.8,72.4,0,0
5.3,2.7,4.2,1.4,14.31,5.88,20.19,1.262,3.0,6.01,22.8,52,8.8,7.41,64,207.0,83.0,2,1
6.2,2.8,5.7,1.7,17.36,9.69,27.05,1.088,3.353,9.9,22.8,74,8.1,7.29,85,26.3,83.2,2,2
4.9,4.0,1.2,0.5,19.6,0.6,20.2,4.083,2.4,2.35,29.2,71,9.7,6.53,30,181.2,67.4,0,0
5.1,2.9,4.7,1.1,14.79,5.17,19.96,1.085,4.273,6.95,31.0,75,5.9,5.94,66,81.9,87.5,2,1
7.7,2.5,6.3,1.7,19.25,10.71,29.96,1.222,3.706,12.13,21.4,61,5.2,5.91,45,212.4,89.1,1,2
4.5,2.5,1.9,0.3,11.25,0.57,11.82,2.368,6.333,2.14,18.1,79,9.7,7.2,53,162.8,71.0,0,0
7.5,3.0,6.9,2.4,22.5,16.56,39.06,1.087,2.875,15.53,21.9,59,8.5,5.76,63,203.8,100.0,1,2
5.0,2.8,6.6,2.3,14.0,15.18,29.18,0.758,2.87,9.24,24.4,52,8.2,6.42,74,21.9,100.0,1,2
6.1,2.5,4.3,1.2,15.25,5.16,20.41,1.419,3.583,6.56,25.7,60,5.6,7.42,51,104.2,80.3,2,1
4.9,3.9,1.3,0.3,19.11,0.39,19.5,3.769,4.333,2.48,24.3,81,4.8,6.65,44,207.3,74.3,0,0
5.1,4.1,1.2,0.5,20.91,0.6,21.51,4.25,2.4,2.51,28.3,75,8.8,5.85,61,50.9,77.5,2,0
6.5,3.4,6.4,1.7,22.1,10.88,32.98,1.016,3.765,14.14,25.9,81,4.3,5.7,40,33.8,96.8,1,2
6.7,2.1,4.6,1.2,14.07,5.52,19.59,1.457,3.833,6.47,23.0,80,9.6,6.02,31,114.7,78.7,2,1
7.8,2.5,5.9,2.1,19.5,12.39,31.89,1.322,2.81,11.51,20.4,63,6.1,6.85,61,198.2,93.9,1,2
4.9,2.9,1.6,0.2,14.21,0.32,14.53,3.062,8.0,2.27,20.3,66,6.5,6.72,55,215.2,63.8,0,0
4.8,3.0,1.6,0.5,14.4,0.8,15.2,3.0,3.2,2.3,26.5,70,5.6,6.39,85,235.9,75.6,2,0
7.8,2.9,4.9,1.4,22.62,6.86,29.48,1.592,3.5,11.08,28.2,87,5.5,6.99,77,38.4,78.4,2,2
4.4,4.3,1.4,0.1,18.92,0.14,19.06,3.143,14.0,2.65,28.8,78,8.6,5.67,46,162.2,63.6,0,0
5.5,2.3,3.6,1.5,12.65,5.4,18.05,1.528,2.4,4.55,19.8,55,4.2,6.83,85,230.5,86.6,2,1
6.9,2.8,3.6,1.4,19.32,5.04,24.36,1.917,2.571,6.96,31.6,89,7.2,6.68,59,165.1,82.3,2,1
6.2,3.2,5.8,2.4,19.84,13.92,33.76,1.069,2.417,11.51,24.7,59,8.8,6.38,53,114.8,92.3,1,2
4.3,4.0,1.8,0.3,17.2,0.54,17.74,2.389,6.0,3.1,24.6,45,8.1,6.48,78,129.7,63.2,0,0
6.6,2.8,4.7,1.4,18.48,6.58,25.06,1.404,3.357,8.69,20.6,80,6.6,6.0,75,189.5,81.4,2,1
5.4,2.1,4.3,1.4,11.34,6.02,17.36,1.256,3.071,4.88,29.2,84,8.8,6.87,48,169.1,82.6,2,1
5.8,3.2,3.4,1.2,18.56,4.08,22.64,1.706,2.833,6.31,26.9,84,6.7,6.9,61,63.2,70.5,0,1
5.8,2.3,1.9,0.2,13.34,0.38,13.72,3.053,9.5,2.53,19.8,73,8.4,5.97,39,23.4,66.2,0,0
5.6,3.1,5.1,1.4,17.36,7.14,24.5,1.098,3.643,8.85,29.1,66,4.5,7.0,39,32.9,88.7,1,1
5.1,2.7,1.8,0.2,13.77,0.36,14.13,2.833,9.0,2.48,23.3,45,4.7,7.04,45,108.5,78.3,2,0
5.4,2.4,1.4,0.5,12.96,0.7,13.66,3.857,2.8,1.81,25.3,58,6.8,6.86,49,235.3,65.9,0,0
5.0,3.7,5.8,1.7,18.5,9.86,28.36,0.862,3.412,10.73,26.9,57,6.2,5.6,72,70.1,83.5,2,2
6.2,2.2,6.4,2.0,13.64,12.8,26.44,0.969,3.2,8.73,23.5,60,4.1,5.58,80,178.9,98.6,1,2
4.9,2.5,1.1,0.1,12.25,0.11,12.36,4.455,11.0,1.35,26.7,85,4.4,6.21,39,181.3,74.9,0,0
5.0,3.0,1.5,0.4,15.0,0.6,15.6,3.333,3.75,2.25,22.9,73,8.4,5.54,54,102.4,65.4,0,0
5.0,3.2,1.3,0.4,16.0,0.52,16.52,3.846,3.25,2.08,20.7,56,7.3,6.15,59,83.3,76.3,2,0
5.4,3.0,5.6,2.3,16.2,12.88,29.08,0.964,2.435,9.07,25.6,74,4.0,6.78,54,188.7,100.0,1,2
7.5,3.4,5.1,2.2,25.5,11.22,36.72,1.471,2.318,13.0,27.2,79,8.9,5.88,73,134.4,93.3,1,2
5.7,2.9,5.3,1.5,16.53,7.95,24.48,1.075,3.533,8.76,27.2,47,9.0,5.76,85,27.2,79.6,2,2
4.4,3.5,1.8,0.4,15.4,0.72,16.12,2.444,4.5,2.77,25.4,89,7.5,5.6,44,159.4,64.6,0,0
5.3,4.2,1.7,0.3,22.26,0.51,22.77,3.118,5.667,3.78,26.9,68,7.3,7.38,56,209.1,75.7,2,0
5.5,2.9,1.0,0.1,15.95,0.1,16.05,5.5,10.0,1.59,22.3,58,9.8,5.69,76,73.1,68.4,0,0
5.1,2.8,1.6,0.2,14.28,0.32,14.6,3.187,8.0,2.28,28.5,71,8.5,7.03,66,102.3,70.0,0,0
6.2,2.4,6.4,2.0,14.88,12.8,27.68,0.969,3.2,9.52,25.1,87,4.9,7.5,58,234.7,100.0,1,2
7.9,2.7,5.4,2.2,21.33,11.88,33.21,1.463,2.455,11.52,24.0,65,7.7,6.63,43,106.3,94.6,1,2
5.7,3.7,5.6,1.8,21.09,10.08,31.17,1.018,3.111,11.81,28.2,63,7.6,6.54,49,21.5,97.9,1,2
5.6,2.3,1.7,0.4,12.88,0.68,13.56,3.294,4.25,2.19,21.9,80,7.1,6.64,66,55.6,64.0,0,0
5.2,2.4,4.9,1.2,12.48,5.88,18.36,1.061,4.083,6.12,21.6,64,4.6,6.3,43,188.9,85.3,2,1
5.3,3.2,4.4,1.5,16.96,6.6,23.56,1.205,2.933,7.46,30.7,83,7.9,5.57,81,152.5,76.5,2,1
5.7,3.0,1.8,0.3,17.1,0.54,17.64,3.167,6.0,3.08,31.0,52,9.2,5.95,71,215.4,77.9,2,0
7.2,2.8,5.2,1.4,20.16,7.28,27.44,1.385,3.714,10.48,25.6,54,6.0,6.9,39,31.6,88.3,1,2
6.9,3.1,4.2,1.1,21.39,4.62,26.01,1.643,3.818,8.98,24.0,70,4.9,6.17,60,151.4,72.0,0,1
5.5,2.6,3.9,1.6,14.3,6.24,20.54,1.41,2.438,5.58,28.7,75,7.4,6.48,71,151.4,83.5,2,1
6.5,2.6,5.1,1.9,16.9,9.69,26.59,1.275,2.684,8.62,27.6,81,4.5,6.84,57,104.0,84.4,2,2
6.1,2.0,3.6,1.8,12.2,6.48,18.68,1.694,2.0,4.39,26.6,73,7.7,6.38,82,73.7,85.9,2,1
5.4,4.1,1.1,0.1,22.14,0.11,22.25,4.909,11.0,2.44,31.3,54,9.2,7.14,30,99.0,75.1,2,0
5.8,2.0,3.4,1.4,11.6,4.76,16.36,1.706,2.429,3.94,20.9,78,8.5,6.6,69,187.9,73.8,0,1
6.9,2.8,6.7,2.0,19.32,13.4,32.72,1.03,3.35,12.94,21.6,48,5.7,7.08,69,82.4,96.2,1,2
4.4,3.7,1.6,0.6,16.28,0.96,17.24,2.75,2.667,2.6,23.0,51,4.1,7.23,71,108.9,79.6,2,0
7.8,2.4,5.3,2.4,18.72,12.72,31.44,1.472,2.208,9.92,25.4,56,5.2,7.43,65,233.1,87.8,2,2
5.7,2.9,1.4,0.5,16.53,0.7,17.23,4.071,2.8,2.31,18.3,88,6.1,6.75,45,249.1,79.1,2,0
6.6,2.9,4.8,1.7,19.14,8.16,27.3,1.375,2.824,9.19,29.4,46,9.7,7.4,44,54.9,92.7,1,1
5.3,3.4,5.7,2.1,18.02,11.97,29.99,0.93,2.714,10.27,30.2,88,5.4,5.98,39,118.1,90.9,1,2
5.9,3.1,5.0,1.6,18.29,8.0,26.29,1.18,3.125,9.15,25.6,57,9.2,6.12,75,226.7,92.6,1,2
7.0,3.4,3.3,1.7,23.8,5.61,29.41,2.121,1.941,7.85,30.8,65,4.4,6.57,76,47.2,78.3,2,1
5.4,3.9,1.8,0.3,21.06,0.54,21.6,3.0,6.0,3.79,23.8,73,8.5,7.14,70,234.6,67.5,0,0
4.5,2.7,1.7,0.4,12.15,0.68,12.83,2.647,4.25,2.07,21.7,81,7.7,6.69,44,178.1,69.1,0,0
7.2,2.4,6.5,1.9,17.28,12.35,29.63,1.108,3.421,11.23,27.1,56,9.1,6.48,38,57.7,90.3,1,2
6.5,2.0,3.6,1.3,13.0,4.68,17.68,1.806,2.769,4.68,28.4,57,8.5,5.63,58,219.4,79.2,2,1
6.7,3.2,3.9,1.6,21.44,6.24,27.68,1.718,2.438,8.36,26.5,69,8.3,6.29,77,151.5,83.1,2,1
7.5,3.5,5.7,1.9,26.25,10.83,37.08,1.316,3.0,14.96,29.6,47,9.3,5.99,64,111.0,95.4,1,2
6.1,3.4,6.8,1.6,20.74,10.88,31.62,0.897,4.25,14.1,24.2,64,8.6,6.07,40,117.2,93.6,1,2
5.3,4.2,1.4,0.4,22.26,0.56,22.82,3.786,3.5,3.12,19.3,77,4.7,7.06,74,145.7,69.4,0,0
5.8,2.3,4.2,1.6,13.34,6.72,20.06,1.381,2.625,5.6,20.8,74,4.5,6.15,71,228.6,88.2,1,1
7.1,2.3,6.2,2.1,16.33,13.02,29.35,1.145,2.952,10.12,19.2,90,6.3,7.08,62,160.8,90.6,1,2
6.0,3.4,6.7,2.0,20.4,13.4,33.8,0.896,3.35,13.67,27.2,54,5.0,5.79,79,183.8,95.5,1,2
6.4,3.3,3.6,1.1,21.12,3.96,25.08,1.778,3.273,7.6,30.6,57,4.0,7.03,30,125.5,83.6,2,1
7.3,3.2,5.7,1.6,23.36,9.12,32.48,1.281,3.562,13.32,27.2,74,6.5,5.66,68,21.5,94.4,1,2
6.2,2.8,4.7,1.0,17.36,4.7,22.06,1.319,4.7,8.16,20.1,86,6.1,5.79,32,173.4,84.8,2,1
5.6,2.1,3.2,1.8,11.76,5.76,17.52,1.75,1.778,3.76,20.3,63,7.7,6.88,68,151.6,82.5,2,1
6.5,2.5,3.1,1.6,16.25,4.96,21.21,2.097,1.938,5.04,22.5,69,8.9,7.02,83,146.6,76.6,2,1
4.5,4.1,1.3,0.3,18.45,0.39,18.84,3.462,4.333,2.4,20.9,58,7.7,5.72,76,245.3,71.2,0,0
5.0,3.7,1.8,0.6,18.5,1.08,19.58,2.778,3.0,3.33,22.0,83,9.1,6.02,66,248.9,69.8,0,0
5.2,3.3,1.7,0.3,17.16,0.51,17.67,3.059,5.667,2.92,29.3,84,5.4,6.08,42,20.4,63.4,0,0
7.3,3.4,5.0,2.1,24.82,10.5,35.32,1.46,2.381,12.41,23.8,47,6.0,6.62,70,68.8,93.2,1,2
5.7,3.5,5.2,2.0,19.95,10.4,30.35,1.096,2.6,10.37,22.5,45,4.7,6.17,55,186.6,92.7,1,2
5.5,2.7,1.8,0.6,14.85,1.08,15.93,3.056,3.0,2.67,24.7,75,8.8,6.79,60,55.7,71.5,0,0
7.6,2.9,6.5,2.4,22.04,15.6,37.64,1.169,2.708,14.33,18.8,78,5.8,6.95,50,147.7,93.5,1,2
7.0,3.5,6.6,1.8,24.5,11.88,36.38,1.061,3.667,16.17,31.6,62,9.0,6.18,54,164.1,99.2,1,2
6.7,2.5,4.8,2.3,16.75,11.04,27.79,1.396,2.087,8.04,22.3,65,8.3,6.04,35,134.3,87.9,2,2
6.6,2.4,4.1,1.1,15.84,4.51,20.35,1.61,3.727,6.49,23.2,47,8.7,7.33,58,136.4,83.8,2,1
5.4,2.7,5.7,2.4,14.58,13.68,28.26,0.947,2.375,8.31,22.3,65,4.9,7.24,82,245.9,97.6,1,2
4.6,2.4,1.3,0.5,11.04,0.65,11.69,3.538,2.6,1.44,19.6,64,9.6,6.87,68,220.5,68.6,0,0
4.5,3.9,1.7,0.1,17.55,0.17,17.72,2.647,17.0,2.98,28.6,85,9.4,6.14,42,85.9,70.9,0,0
6.3,2.4,3.3,1.1,15.12,3.63,18.75,1.909,3.0,4.99,31.4,80,7.1,5.91,52,146.4,73.6,0,1
7.3,3.1,4.9,1.7,22.63,8.33,30.96,1.49,2.882,11.09,30.5,79,6.7,5.76,60,227.8,79.5,2,2
5.0,2.6,3.4,1.5,13.0,5.1,18.1,1.471,2.267,4.42,26.3,89,8.2,6.73,49,96.4,75.4,2,1
7.3,2.3,6.7,2.2,16.79,14.74,31.53,1.09,3.045,11.25,25.9,50,8.9,7.34,59,42.4,96.4,1,2
7.0,2.9,5.1,1.6,20.3,8.16,28.46,1.373,3.187,10.35,30.1,84,5.5,6.23,41,180.9,89.0,1,2
5.9,2.0,4.0,1.3,11.8,5.2,17.0,1.475,3.077,4.72,24.5,55,5.7,6.2,66,49.3,74.0,0,1
7.3,2.7,6.1,2.3,19.71,14.03,33.74,1.197,2.652,12.02,25.5,70,7.5,5.98,45,146.0,100.0,1,2
5.0,2.3,4.5,1.3,11.5,5.85,17.35,1.111,3.462,5.17,31.7,81,8.7,6.59,45,59.8,84.4,2,1
7.7,3.1,5.7,2.1,23.87,11.97,35.84,1.351,2.714,13.61,24.5,80,4.6,6.39,49,239.9,87.1,2,2
5.3,3.6,1.7,0.3,19.08,0.51,19.59,3.118,5.667,3.24,27.0,48,4.5,7.13,67,227.7,73.2,0,0
5.4,3.7,1.4,0.2,19.98,0.28,20.26,3.857,7.0,2.8,26.6,73,5.2,6.86,50,88.9,75.3,2,0
5.8,3.7,5.5,2.5,21.46,13.75,35.21,1.055,2.2,11.8,22.8,50,7.5,6.72,62,113.0,91.5,1,2
5.0,3.3,5.0,1.0,16.5,5.0,21.5,1.0,5.0,8.25,25.8,67,4.7,6.06,31,74.1,83.2,2,1
6.2,3.0,3.9,1.3,18.6,5.07,23.67,1.59,3.0,7.25,21.0,56,6.8,5.88,54,214.0,77.9,2,1
5.2,3.4,4.4,1.1,17.68,4.84,22.52,1.182,4.0,7.78,19.0,46,4.9,7.27,72,120.4,87.5,2,1
4.5,4.0,1.8,0.5,18.0,0.9,18.9,2.5,3.6,3.24,27.7,72,7.7,6.41,57,147.0,71.0,0,0
5.4,2.6,3.0,1.4,14.04,4.2,18.24,1.8,2.143,4.21,28.2,90,7.0,6.32,64,152.6,70.9,0,1
5.2,3.8,1.1,0.3,19.76,0.33,20.09,4.727,3.667,2.17,27.7,54,8.4,6.55,84,246.2,75.1,2,0
6.0,2.7,4.3,1.2,16.2,5.16,21.36,1.395,3.583,6.97,26.8,87,9.8,5.66,70,144.0,81.6,2,1
5.1,2.7,6.4,1.9,13.77,12.16,25.93,0.797,3.368,8.81,25.2,75,7.4,6.16,52,240.9,99.1,1,2
5.3,3.0,4.3,1.2,15.9,5.16,21.06,1.233,3.583,6.84,29.0,61,4.4,6.45,40,151.8,82.8,2,1
6.6,2.9,3.6,1.1,19.14,3.96,23.1,1.833,3.273,6.89,25.1,62,5.5,6.73,47,217.3,70.1,0,1
5.2,4.2,1.7,0.4,21.84,0.68,22.52,3.059,4.25,3.71,23.2,56,5.6,6.9,61,61.6,71.8,0,0
4.8,2.5,1.1,0.6,12.0,0.66,12.66,4.364,1.833,1.32,20.2,76,8.5,6.33,54,74.7,70.4,0,0
5.4,3.1,6.5,1.5,16.74,9.75,26.49,0.831,4.333,10.88,21.7,52,4.3,6.43,60,89.3,93.4,1,2
5.6,3.3,5.4,1.7,18.48,9.18,27.66,1.037,3.176,9.98,25.4,72,4.1,7.35,58,107.9,85.4,2,2
6.9,2.3,6.7,2.1,15.87,14.07,29.94,1.03,3.19,10.63,31.4,72,7.7,6.8,47,97.0,94.4,1,2
4.7,3.5,1.4,0.4,16.45,0.56,17.01,3.357,3.5,2.3,21.4,88,7.5,5.89,51,175.9,79.0,2,0
6.0,2.9,4.7,1.0,17.4,4.7,22.1,1.277,4.7,8.18,19.4,51,8.1,6.2,76,85.2,74.5,0,1
5.2,2.4,1.5,0.5,12.48,0.75,13.23,3.467,3.0,1.87,21.0,83,7.8,6.92,37,39.9,73.2,0,0
6.3,3.3,4.2,1.8,20.79,7.56,28.35,1.5,2.333,8.73,30.5,89,5.1,6.09,72,235.3,87.3,2,1
6.5,3.0,4.4,1.6,19.5,7.04,26.54,1.477,2.75,8.58,21.6,49,5.7,5.62,54,96.5,77.0,2,1
5.3,2.1,5.1,1.2,11.13,6.12,17.25,1.039,4.25,5.68,23.5,86,7.0,5.79,79,119.2,84.1,2,1
5.7,3.8,1.1,0.1,21.66,0.11,21.77,5.182,11.0,2.38,26.0,61,8.7,5.54,61,54.2,72.5,0,0
5.3,2.9,1.6,0.6,15.37,0.96,16.33,3.312,2.667,2.46,26.0,77,8.2,7.04,60,120.3,77.4,2,0
5.1,2.3,1.9,0.5,11.73,0.95,12.68,2.684,3.8,2.23,24.7,81,7.2,7.48,51,176.8,70.3,0,0
7.9,3.2,5.4,2.3,25.28,12.42,37.7,1.463,2.348,13.65,22.8,74,8.6,6.08,42,60.6,87.5,2,2
6.3,2.4,3.8,1.1,15.12,4.18,19.3,1.658,3.455,5.75,27.6,76,4.5,6.77,77,63.6,70.9,0,1
5.4,3.5,1.4,0.1,18.9,0.14,19.04,3.857,14.0,2.65,25.6,64,7.0,7.43,81,123.3,78.2,2,0
4.8,3.0,1.6,0.3,14.4,0.48,14.88,3.0,5.333,2.3,21.0,86,8.0,6.42,73,220.1,71.5,0,0
6.6,3.7,4.6,1.6,24.42,7.36,31.78,1.435,2.875,11.23,27.2,75,9.4,6.74,45,181.3,78.8,2,2
5.2,4.2,1.7,0.1,21.84,0.17,22.01,3.059,17.0,3.71,26.6,82,4.4,7.13,37,134.3,75.1,2,0
4.4,2.7,1.3,0.5,11.88,0.65,12.53,3.385,2.6,1.54,28.3,70,5.9,7.45,66,145.6,68.4,0,0
5.4,3.5,1.3,0.2,18.9,0.26,19.16,4.154,6.5,2.46,20.0,71,5.0,6.24,40,120.9,77.3,2,0
4.5,4.0,1.6,0.3,18.0,0.48,18.48,2.812,5.333,2.88,20.2,76,4.5,5.51,35,182.6,72.5,0,0
5.8,3.1,4.6,1.6,17.98,7.36,25.34,1.261,2.875,8.27,20.9,85,5.6,6.4,45,235.8,86.5,2,1
5.2,3.8,1.6,0.1,19.76,0.16,19.92,3.25,16.0,3.16,29.6,64,6.1,5.51,45,64.1,78.1,2,0
5.2,4.1,1.9,0.4,21.32,0.76,22.08,2.737,4.75,4.05,24.5,85,8.0,6.05,42,45.9,65.9,0,0
5.9,2.2,4.9,1.0,12.98,4.9,17.88,1.204,4.9,6.36,23.1,58,6.6,6.17,81,224.7,79.1,2,1
5.4,4.2,1.2,0.5,22.68,0.6,23.28,4.5,2.4,2.72,24.8,52,4.4,5.97,58,156.3,68.4,0,0
5.4,4.2,1.2,0.2,22.68,0.24,22.92,4.5,6.0,2.72,21.2,60,8.4,7.24,54,225.0,63.7,0,0
6.4,3.6,4.8,2.4,23.04,11.52,34.56,1.333,2.0,11.06,24.4,69,6.2,6.42,42,165.4,100.0,1,2
4.8,2.4,1.5,0.2,11.52,0.3,11.82,3.2,7.5,1.73,19.6,74,6.8,5.84,51,70.6,67.3,0,0
5.5,3.6,1.6,0.2,19.8,0.32,20.12,3.438,8.0,3.17,31.6,59,4.5,7.21,61,218.3,66.1,0,0
6.7,2.4,4.5,1.6,16.08,7.2,23.28,1.489,2.812,7.24,21.5,65,6.6,5.94,67,237.6,91.0,1,1
4.9,2.4,1.9,0.5,11.76,0.95,12.71,2.579,3.8,2.23,25.1,72,7.2,6.46,81,180.2,65.5,0,0
5.4,2.8,3.0,1.6,15.12,4.8,19.92,1.8,1.875,4.54,31.3,53,6.2,5.98,35,23.7,82.3,2,1
5.4,4.1,1.7,0.1,22.14,0.17,22.31,3.176,17.0,3.76,24.4,53,9.2,6.31,80,220.5,72.4,0,0
6.8,3.6,4.7,2.4,24.48,11.28,35.76,1.447,1.958,11.51,22.7,47,5.8,7.01,74,237.6,93.2,1,2
5.5,2.5,1.8,0.5,13.75,0.9,14.65,3.056,3.6,2.48,18.8,88,6.2,5.6,54,104.1,73.7,0,0
5.7,2.9,4.5,1.4,16.53,6.3,22.83,1.267,3.214,7.44,28.8,53,9.9,5.98,37,169.3,86.4,2,1
7.5,3.3,6.3,2.2,24.75,13.86,38.61,1.19,2.864,15.59,22.5,62,7.0,6.35,33,34.6,95.2,1,2
6.0,3.2,4.0,1.4,19.2,5.6,24.8,1.5,2.857,7.68,29.6,63,6.7,6.24,73,237.4,86.1,2,1
4.6,4.2,1.1,0.3,19.32,0.33,19.65,4.182,3.667,2.13,20.5,49,4.7,6.05,74,54.0,65.1,0,0
5.1,3.6,1.3,0.6,18.36,0.78,19.14,3.923,2.167,2.39,25.6,53,6.8,6.34,77,168.3,68.2,0,0
4.3,4.0,1.8,0.4,17.2,0.72,17.92,2.389,4.5,3.1,22.7,82,6.1,6.79,50,131.8,74.1,0,0
7.4,2.9,5.2,1.5,21.46,7.8,29.26,1.423,3.467,11.16,29.1,55,8.7,5.95,53,243.3,89.9,1,2
4.5,2.9,1.9,0.4,13.05,0.76,13.81,2.368,4.75,2.48,20.3,79,5.7,7.45,83,182.9,78.0,2,0
4.5,2.5,1.9,0.4,11.25,0.76,12.01,2.368,4.75,2.14,24.2,68,5.1,6.62,32,173.1,79.2,2,0
4.9,3.4,1.1,0.3,16.66,0.33,16.99,4.455,3.667,1.83,30.9,70,9.6,7.04,59,233.4,65.2,0,0
6.5,3.0,6.1,1.7,19.5,10.37,29.87,1.066,3.588,11.89,30.5,81,8.0,7.1,76,228.6,89.8,1,2
5.2,3.0,4.6,2.1,15.6,9.66,25.26,1.13,2.19,7.18,19.6,46,6.4,7.18,58,102.2,86.5,2,2
6.8,3.1,5.0,2.4,21.08,12.0,33.08,1.36,2.083,10.54,21.9,46,4.5,7.2,73,174.5,87.4,2,2
6.1,3.0,5.9,2.0,18.3,11.8,30.1,1.034,2.95,10.8,18.8,87,6.2,5.8,84,118.4,91.8,1,2
4.7,3.0,1.9,0.5,14.1,0.95,15.05,2.474,3.8,2.68,19.2,73,8.4,6.33,58,86.4,76.8,2,0
6.4,2.6,4.8,1.5,16.64,7.2,23.84,1.333,3.2,7.99,20.0,64,6.8,7.24,51,35.2,91.8,1,1
5.1,2.6,4.9,1.3,13.26,6.37,19.63,1.041,3.769,6.5,25.8,90,7.4,7.33,42,62.8,80.8,2,1
6.4,3.5,5.2,2.0,22.4,10.4,32.8,1.231,2.6,11.65,24.9,74,5.3,7.08,39,80.4,98.1,1,2
6.3,3.2,6.6,1.9,20.16,12.54,32.7,0.955,3.474,13.31,24.9,89,7.9,5.56,78,83.8,100.0,1,2
5.2,3.1,1.4,0.3,16.12,0.42,16.54,3.714,4.667,2.26,21.6,88,6.9,6.89,37,105.8,74.6,0,0
5.6,2.6,1.1,0.3,14.56,0.33,14.89,5.091,3.667,1.6,30.3,53,6.1,5.61,53,116.5,77.3,2,0
5.0,2.4,4.3,1.1,12.0,4.73,16.73,1.163,3.909,5.16,20.7,85,5.1,5.69,78,58.4,76.6,2,1
6.6,3.0,3.6,1.5,19.8,5.4,25.2,1.833,2.4,7.13,27.6,51,7.2,6.2,39,23.0,81.1,2,1
6.5,2.6,4.9,1.1,16.9,5.39,22.29,1.327,4.455,8.28,21.1,77,5.3,5.88,65,161.1,86.1,2,1
7.4,3.3,6.2,2.3,24.42,14.26,38.68,1.194,2.696,15.14,23.8,49,4.7,5.76,31,130.3,95.5,1,2
5.2,2.6,5.1,1.4,13.52,7.14,20.66,1.02,3.643,6.9,31.6,56,8.3,5.56,82,47.3,78.3,2,1
5.3,2.6,4.8,1.5,13.78,7.2,20.98,1.104,3.2,6.61,19.1,89,8.6,5.72,31,198.2,88.5,1,2
4.6,2.4,1.6,0.4,11.04,0.64,11.68,2.875,4.0,1.77,24.6,61,4.3,6.1,30,193.5,75.8,2,0
5.5,3.6,4.9,1.8,19.8,8.82,28.62,1.122,2.722,9.7,19.3,62,9.7,6.2,40,216.7,92.1,1,2
5.6,3.1,4.7,2.0,17.36,9.4,26.76,1.191,2.35,8.16,18.2,58,8.3,7.43,40,227.4,89.4,1,2
5.2,2.5,5.7,2.2,13.0,12.54,25.54,0.912,2.591,7.41,23.1,82,5.1,6.85,36,61.6,92.8,1,2
5.8,2.7,3.9,1.6,15.66,6.24,21.9,1.487,2.438,6.11,22.4,74,4.7,5.77,78,103.1,79.1,2,1
5.0,2.7,4.8,1.7,13.5,8.16,21.66,1.042,2.824,6.48,26.4,64,8.1,7.18,44,147.4,83.0,2,2
5.3,2.1,4.8,1.4,11.13,6.72,17.85,1.104,3.429,5.34,27.5,56,4.1,6.85,73,44.2,82.4,2,1
6.9,2.4,5.4,2.2,16.56,11.88,28.44,1.278,2.455,8.94,31.7,55,4.4,7.45,51,66.1,99.3,1,2
5.2,3.2,4.5,1.2,16.64,5.4,22.04,1.156,3.75,7.49,28.0,82,7.6,7.01,81,168.1,79.2,2,1
6.3,3.3,5.1,1.4,20.79,7.14,27.93,1.235,3.643,10.6,20.1,74,4.6,6.0,61,73.1,91.4,1,1
4.4,2.4,1.1,0.4,10.56,0.44,11.0,4.0,2.75,1.16,31.6,69,7.6,6.15,49,163.1,64.4,0,0
5.3,3.4,1.4,0.3,18.02,0.42,18.44,3.786,4.667,2.52,22.1,76,6.9,6.02,51,206.2,71.5,0,0
5.7,2.4,1.4,0.6,13.68,0.84,14.52,4.071,2.333,1.92,23.4,65,9.1,6.39,32,27.6,72.6,0,0
6.8,2.2,3.9,1.2,14.96,4.68,19.64,1.744,3.25,5.83,23.4,52,7.4,6.48,65,177.6,80.5,2,1
6.1,2.2,3.1,1.2,13.42,3.72,17.14,1.968,2.583,4.16,26.3,69,7.7,6.21,48,93.7,69.9,0,1
4.5,3.1,1.7,0.4,13.95,0.68,14.63,2.647,4.25,2.37,28.7,85,6.0,5.69,52,248.1,70.0,0,0
5.3,2.8,1.6,0.4,14.84,0.64,15.48,3.312,4.0,2.37,30.7,49,9.2,5.73,40,24.5,68.5,0,0
6.3,2.6,4.1,1.3,16.38,5.33,21.71,1.537,3.154,6.72,18.3,75,7.5,7.47,54,151.2,77.8,2,1
5.5,2.5,1.6,0.3,13.75,0.48,14.23,3.438,5.333,2.2,25.0,87,6.0,6.73,53,243.0,66.2,0,0
7.4,3.5,6.5,2.0,25.9,13.0,38.9,1.138,3.25,16.84,22.0,48,5.8,6.65,81,72.0,99.9,1,2
5.4,3.5,1.5,0.2,18.9,0.3,19.2,3.6,7.5,2.83,25.9,78,6.9,5.92,80,37.6,75.8,2,0
7.3,2.9,5.8,1.6,21.17,9.28,30.45,1.259,3.625,12.28,23.6,84,7.1,6.84,65,61.5,80.9,2,2
6.4,2.5,5.7,2.1,16.0,11.97,27.97,1.123,2.714,9.12,29.5,74,5.6,6.78,81,161.3,98.2,1,2
6.9,3.0,3.1,1.2,20.7,3.72,24.42,2.226,2.583,6.42,24.5,60,4.9,6.87,49,214.1,76.0,2,1
5.3,4.1,1.2,0.2,21.73,0.24,21.97,4.417,6.0,2.61,20.2,88,7.6,6.31,37,54.5,62.9,0,0
5.9,2.8,3.9,1.5,16.52,5.85,22.37,1.513,2.6,6.44,18.5,55,5.6,5.56,80,204.8,84.2,2,1
5.3,2.4,1.7,0.5,12.72,0.85,13.57,3.118,3.4,2.16,18.8,50,5.9,6.1,34,227.1,70.2,0,0
6.3,3.2,3.8,1.7,20.16,6.46,26.62,1.658,2.235,7.66,29.8,60,4.7,6.97,37,140.1,88.2,1,1
5.7,3.6,5.1,1.5,20.52,7.65,28.17,1.118,3.4,10.47,29.3,66,9.0,6.97,81,192.1,81.1,2,2
5.4,2.1,3.4,1.2,11.34,4.08,15.42,1.588,2.833,3.86,23.7,82,4.3,6.57,74,238.2,75.2,2,1
5.9,2.3,3.6,1.6,13.57,5.76,19.33,1.639,2.25,4.89,20.0,75,8.3,7.14,31,168.4,88.0,2,1
5.6,3.7,1.8,0.4,20.72,0.72,21.44,3.111,4.5,3.73,29.0,60,5.5,6.27,70,240.5,69.2,0,0
5.3,3.6,6.6,1.8,19.08,11.88,30.96,0.803,3.667,12.59,30.7,70,9.6,7.34,49,40.8,98.9,1,2
4.7,4.1,1.1,0.3,19.27,0.33,19.6,4.273,3.667,2.12,22.4,86,6.4,5.57,85,38.4,75.1,2,0
5.9,2.6,4.8,1.6,15.34,7.68,23.02,1.229,3.0,7.36,30.3,51,8.9,6.9,62,35.3,84.1,2,1
7.3,3.4,5.6,1.4,24.82,7.84,32.66,1.304,4.0,13.9,18.7,86,5.1,6.39,71,51.3,84.1,2,2
5.8,3.1,4.8,1.7,17.98,8.16,26.14,1.208,2.824,8.63,28.0,86,8.6,7.19,73,114.4,93.4,1,2
5.9,3.0,3.5,1.5,17.7,5.25,22.95,1.686,2.333,6.2,29.6,63,5.2,6.33,41,110.5,78.5,2,1
5.6,3.7,6.7,2.1,20.72,14.07,34.79,0.836,3.19,13.88,26.8,50,9.8,5.9,74,215.9,90.9,1,2
6.2,2.6,4.7,1.8,16.12,8.46,24.58,1.319,2.611,7.58,31.3,52,4.1,6.55,79,231.6,86.2,2,2
6.4,2.6,5.0,2.4,16.64,12.0,28.64,1.28,2.083,8.32,29.4,62,5.7,6.49,38,119.2,89.3,1,2
5.8,2.9,1.6,0.3,16.82,0.48,17.3,3.625,5.333,2.69,23.7,54,4.2,7.45,45,162.1,77.5,2,0
6.1,2.9,3.2,1.4,17.69,4.48,22.17,1.906,2.286,5.66,30.2,89,6.4,5.92,54,182.9,82.7,2,1
5.1,2.8,3.1,1.7,14.28,5.27,19.55,1.645,1.824,4.43,24.6,67,10.0,7.38,81,157.6,84.5,2,1
4.3,3.4,1.3,0.6,14.62,0.78,15.4,3.308,2.167,1.9,27.4,53,9.8,6.62,67,61.3,66.3,0,0
6.9,3.2,3.3,1.3,22.08,4.29,26.37,2.091,2.538,7.29,25.4,54,5.6,6.13,38,134.8,86.2,2,1
6.5,3.3,3.6,1.7,21.45,6.12,27.57,1.806,2.118,7.72,26.6,61,7.1,6.37,40,92.6,90.2,1,1
5.1,4.2,1.6,0.3,21.42,0.48,21.9,3.187,5.333,3.43,20.6,48,5.4,5.57,46,57.6,70.4,0,0
5.8,4.2,1.0,0.3,24.36,0.3,24.66,5.8,3.333,2.44,27.9,76,6.7,5.72,76,219.4,64.6,0,0
4.6,2.9,1.8,0.5,13.34,0.9,14.24,2.556,3.6,2.4,29.5,81,9.3,6.67,67,249.5,63.9,0,0
5.4,3.7,5.1,1.9,19.98,9.69,29.67,1.059,2.684,10.19,19.3,66,4.2,6.86,73,48.1,87.4,2,2
5.6,2.6,1.1,0.5,14.56,0.55,15.11,5.091,2.2,1.6,27.2,74,7.8,6.04,72,21.3,78.6,2,0
6.8,2.9,6.8,2.5,19.72,17.0,36.72,1.0,2.72,13.41,30.7,81,4.8,7.23,81,168.0,100.0,1,2
5.4,3.4,1.5,0.1,18.36,0.15,18.51,3.6,15.0,2.75,21.6,60,9.8,7.23,35,24.7,65.6,0,0
6.5,2.4,4.6,1.5,15.6,6.9,22.5,1.413,3.067,7.18,19.7,76,8.8,6.97,49,227.9,85.5,2,1
6.3,3.2,4.1,1.4,20.16,5.74,25.9,1.537,2.929,8.27,30.4,75,5.6,6.7,35,194.0,86.5,2,1
5.5,3.2,4.7,2.0,17.6,9.4,27.0,1.17,2.35,8.27,31.6,88,5.3,6.87,39,234.1,89.2,1,2
6.5,2.7,5.5,2.4,17.55,13.2,30.75,1.182,2.292,9.65,24.7,54,9.9,6.87,49,213.6,96.8,1,2
6.1,2.8,4.9,1.4,17.08,6.86,23.94,1.245,3.5,8.37,25.1,71,4.6,6.82,66,206.9,81.4,2,1
5.1,3.0,4.8,2.1,15.3,10.08,25.38,1.062,2.286,7.34,20.5,56,9.1,5.59,56,221.7,86.9,2,2
7.1,3.4,5.6,2.3,24.14,12.88,37.02,1.268,2.435,13.52,22.8,56,5.3,5.66,68,79.6,98.5,1,2
6.0,2.0,3.2,1.1,12.0,3.52,15.52,1.875,2.909,3.84,24.7,89,6.4,6.82,77,158.4,76.8,2,1
7.3,3.2,6.2,2.5,23.36,15.5,38.86,1.177,2.48,14.48,27.5,64,4.5,5.77,42,45.7,93.3,1,2
5.6,2.7,1.6,0.4,15.12,0.64,15.76,3.5,4.0,2.42,24.1,85,9.1,6.58,35,89.2,70.7,0,0
5.8,2.2,4.9,1.6,12.76,7.84,20.6,1.184,3.062,6.25,24.2,76,6.8,7.22,67,75.8,82.4,2,1
5.0,2.0,4.3,1.6,10.0,6.88,16.88,1.163,2.687,4.3,31.7,76,8.4,6.69,65,249.8,76.4,2,1
5.9,2.8,4.3,1.5,16.52,6.45,22.97,1.372,2.867,7.1,29.4,76,5.4,5.62,31,117.1,80.0,2,1
4.7,3.7,1.8,0.2,17.39,0.36,17.75,2.611,9.0,3.13,26.7,86,6.1,6.9,31,57.1,74.3,0,0
5.6,2.3,3.5,1.7,12.88,5.95,18.83,1.6,2.059,4.51,22.7,83,9.1,6.93,59,50.2,78.6,2,1
6.1,2.9,6.8,2.1,17.69,14.28,31.97,0.897,3.238,12.03,23.0,75,8.8,7.19,69,67.7,100.0,1,2
5.3,2.6,1.2,0.4,13.78,0.48,14.26,4.417,3.0,1.65,19.4,71,9.7,6.49,45,68.2,63.7,0,0
4.8,2.8,1.6,0.2,13.44,0.32,13.76,3.0,8.0,2.15,30.0,77,4.2,5.63,57,46.2,66.3,0,0
5.6,2.6,5.3,1.8,14.56,9.54,24.1,1.057,2.944,7.72,18.7,80,5.6,5.8,74,221.0,90.7,1,2
5.4,4.2,1.4,0.3,22.68,0.42,23.1,3.857,4.667,3.18,29.8,52,9.8,7.06,69,199.9,78.0,2,0
5.0,2.4,6.0,2.4,12.0,14.4,26.4,0.833,2.5,7.2,30.8,55,8.4,6.92,78,136.4,100.0,1,2
4.5,3.1,1.7,0.2,13.95,0.34,14.29,2.647,8.5,2.37,20.8,71,8.6,5.51,83,206.1,68.1,0,0
5.4,2.6,6.2,1.9,14.04,11.78,25.82,0.871,3.263,8.7,26.8,60,4.9,7.01,56,201.1,87.8,2,2
5.8,2.6,4.0,1.7,15.08,6.8,21.88,1.45,2.353,6.03,29.1,68,9.7,6.39,79,22.3,88.5,1,1
4.4,3.0,1.9,0.2,13.2,0.38,13.58,2.316,9.5,2.51,18.9,47,8.0,6.78,66,33.3,72.9,0,0
7.3,3.6,6.8,1.9,26.28,12.92,39.2,1.074,3.579,17.87,30.4,89,7.3,6.11,77,92.1,93.3,1,2
6.8,2.9,3.3,1.3,19.72,4.29,24.01,2.061,2.538,6.51,27.0,79,7.7,6.74,58,180.4,84.8,2,1
6.1,2.5,5.2,1.4,15.25,7.28,22.53,1.173,3.714,7.93,22.7,53,7.1,6.58,43,41.3,85.4,2,2
5.9,3.2,4.6,2.4,18.88,11.04,29.92,1.283,1.917,8.68,25.6,61,5.4,7.05,76,117.2,92.2,1,2
5.1,2.8,6.0,1.8,14.28,10.8,25.08,0.85,3.333,8.57,18.7,86,9.6,6.4,66,189.5,90.9,1,2
5.5,4.4,1.5,0.5,24.2,0.75,24.95,3.667,3.0,3.63,26.8,79,9.1,5.97,49,85.4,76.1,2,0
6.6,2.4,5.4,2.2,15.84,11.88,27.72,1.222,2.455,8.55,19.5,78,7.5,7.15,53,124.5,88.1,1,2
6.6,2.1,3.1,1.7,13.86,5.27,19.13,2.129,1.824,4.3,24.7,73,4.5,6.85,55,155.3,80.8,2,1
6.7,2.8,4.3,1.8,18.76,7.74,26.5,1.558,2.389,8.07,27.6,76,8.4,6.33,40,53.2,79.5,2,1
6.3,3.7,5.7,2.0,23.31,11.4,34.71,1.105,2.85,13.29,27.7,74,6.8,6.99,65,104.9,100.0,1,2
7.5,2.4,5.4,1.7,18.0,9.18,27.18,1.389,3.176,9.72,25.3,52,6.2,7.48,49,87.6,80.8,2,2
4.5,3.5,1.0,0.5,15.75,0.5,16.25,4.5,2.0,1.57,30.4,58,5.1,6.98,30,48.1,68.6,0,0
4.9,3.5,1.5,0.6,17.15,0.9,18.05,3.267,2.5,2.57,28.9,75,9.0,7.17,38,195.2,71.9,0,0
6.5,2.9,3.3,1.6,18.85,5.28,24.13,1.97,2.062,6.22,19.3,84,8.0,6.32,44,227.1,78.0,2,1
5.7,4.2,1.7,0.4,23.94,0.68,24.62,3.353,4.25,4.07,30.1,90,4.1,6.76,79,182.7,72.3,0,0
5.3,2.5,1.9,0.4,13.25,0.76,14.01,2.789,4.75,2.52,28.6,81,7.1,7.0,62,226.3,65.4,0,0
5.4,2.2,6.4,1.7,11.88,10.88,22.76,0.844,3.765,7.6,27.9,82,6.7,7.11,68,93.7,93.2,1,2
6.7,2.0,3.9,1.3,13.4,5.07,18.47,1.718,3.0,5.23,30.0,65,6.3,5.68,36,144.6,76.7,2,1
4.7,2.5,1.3,0.3,11.75,0.39,12.14,3.615,4.333,1.53,20.4,84,9.8,5.86,75,33.5,69.0,0,0
5.2,3.3,3.5,1.8,17.16,6.3,23.46,1.486,1.944,6.01,30.6,48,5.2,7.0,67,74.4,82.7,2,1
6.1,2.4,4.6,1.9,14.64,8.74,23.38,1.326,2.421,6.73,23.7,75,4.2,6.77,31,81.9,94.9,1,2
5.2,3.4,6.1,1.5,17.68,9.15,26.83,0.852,4.067,10.78,26.0,73,4.5,6.77,43,200.1,82.6,2,2
7.9,3.5,5.8,1.9,27.65,11.02,38.67,1.362,3.053,16.04,30.8,73,4.3,7.13,83,162.8,94.5,1,2
4.3,4.3,1.4,0.4,18.49,0.56,19.05,3.071,3.5,2.59,29.8,69,10.0,7.18,43,154.6,71.3,0,0
4.5,3.4,1.1,0.1,15.3,0.11,15.41,4.091,11.0,1.68,27.8,53,8.4,7.5,57,68.5,70.3,0,0
6.8,3.3,4.3,1.8,22.44,7.74,30.18,1.581,2.389,9.65,27.9,62,5.5,7.47,51,68.4,92.8,1,1
4.9,3.0,4.4,1.0,14.7,4.4,19.1,1.114,4.4,6.47,24.7,45,8.0,6.33,74,181.8,83.0,2,1
5.1,3.6,6.1,2.0,18.36,12.2,30.56,0.836,3.05,11.2,30.5,87,6.7,5.75,82,106.6,96.0,1,2
5.3,3.1,4.5,1.0,16.43,4.5,20.93,1.178,4.5,7.39,24.5,57,6.7,5.94,31,194.4,81.9,2,1
6.0,2.3,6.0,1.7,13.8,10.2,24.0,1.0,3.529,8.28,28.0,59,9.9,7.43,32,84.6,96.9,1,2
6.7,2.2,6.9,2.1,14.74,14.49,29.23,0.971,3.286,10.17,19.6,62,7.4,6.49,65,64.6,100.0,1,2
6.9,3.1,4.7,1.5,21.39,7.05,28.44,1.468,3.133,10.05,18.9,61,9.6,7.21,63,187.6,80.5,2,2
5.0,3.8,6.1,2.1,19.0,12.81,31.81,0.82,2.905,11.59,27.5,74,4.0,6.35,73,236.9,88.4,1,2
5.8,3.4,3.6,1.5,19.72,5.4,25.12,1.611,2.4,7.1,24.5,68,7.1,5.59,76,71.6,77.2,2,1
6.0,2.4,3.8,1.3,14.4,4.94,19.34,1.579,2.923,5.47,30.3,46,9.9,5.95,74,117.5,73.1,0,1
4.6,3.0,1.1,0.4,13.8,0.44,14.24,4.182,2.75,1.52,18.4,72,8.8,6.69,70,235.1,76.3,2,0
4.5,2.8,1.3,0.1,12.6,0.13,12.73,3.462,13.0,1.64,22.7,60,9.7,7.05,69,120.9,63.8,0,0
6.1,2.1,3.1,1.0,12.81,3.1,15.91,1.968,3.1,3.97,22.4,89,4.4,5.76,81,121.6,73.0,0,1
6.2,2.4,4.6,1.5,14.88,6.9,21.78,1.348,3.067,6.84,29.9,70,4.6,7.0,44,218.9,88.4,1,2
4.9,2.8,6.4,2.4,13.72,15.36,29.08,0.766,2.667,8.78,26.7,66,7.9,6.85,31,124.4,98.0,1,2
4.5,2.3,1.6,0.4,10.35,0.64,10.99,2.812,4.0,1.66,29.8,81,4.8,6.52,52,116.8,74.9,0,0
5.3,2.2,3.1,1.1,11.66,3.41,15.07,1.71,2.818,3.61,26.2,77,9.8,7.01,49,154.2,77.5,2,1
4.5,2.9,1.3,0.3,13.05,0.39,13.44,3.462,4.333,1.7,18.1,82,7.9,5.79,45,136.6,76.1,2,0
4.9,2.7,1.2,0.6,13.23,0.72,13.95,4.083,2.0,1.59,29.0,66,5.1,6.45,74,245.8,73.0,0,0
6.7,2.8,3.7,1.2,18.76,4.44,23.2,1.811,3.083,6.94,22.6,51,6.7,7.08,32,134.1,85.6,2,1
5.6,2.6,6.0,1.7,14.56,10.2,24.76,0.933,3.529,8.74,28.3,66,8.8,6.25,55,62.4,98.2,1,2
4.9,2.5,4.2,1.1,12.25,4.62,16.87,1.167,3.818,5.15,24.2,85,7.5,7.03,32,244.3,74.4,0,1
5.3,3.2,4.5,1.3,16.96,5.85,22.81,1.178,3.462,7.63,25.8,56,5.2,5.85,46,229.4,74.0,0,1
5.3,3.2,6.6,1.8,16.96,11.88,28.84,0.803,3.667,11.19,20.9,74,5.4,7.12,72,59.4,94.2,1,2
7.5,3.6,4.7,1.6,27.0,7.52,34.52,1.596,2.938,12.69,30.9,57,5.2,6.26,53,93.1,83.9,2,2
5.6,2.3,6.0,1.6,12.88,9.6,22.48,0.933,3.75,7.73,25.5,54,6.0,5.61,80,84.4,83.2,2,2
7.8,3.6,5.0,1.5,28.08,7.5,35.58,1.56,3.333,14.04,24.6,87,7.7,5.83,54,192.8,87.3,2,2
6.0,3.0,4.9,2.2,18.0,10.78,28.78,1.224,2.227,8.82,25.4,75,8.3,6.49,47,153.7,93.8,1,2
6.8,2.5,6.6,1.9,17.0,12.54,29.54,1.03,3.474,11.22,21.3,58,5.8,7.28,66,56.2,100.0,1,2
6.1,2.2,3.2,1.4,13.42,4.48,17.9,1.906,2.286,4.29,22.9,82,4.2,6.52,51,118.0,78.4,2,1
5.7,2.7,3.6,1.0,15.39,3.6,18.99,1.583,3.6,5.54,24.2,61,7.9,6.22,35,87.7,77.2,2,1
6.8,3.5,6.7,1.5,23.8,10.05,33.85,1.015,4.467,15.95,19.0,47,7.3,6.17,73,95.7,86.9,2,2
7.4,2.5,5.9,1.6,18.5,9.44,27.94,1.254,3.688,10.92,30.0,90,8.4,7.32,30,197.1,85.4,2,2
6.5,2.6,3.9,1.5,16.9,5.85,22.75,1.667,2.6,6.59,27.2,75,7.9,7.48,39,219.1,77.3,2,1
7.1,3.0,5.7,2.3,21.3,13.11,34.41,1.246,2.478,12.14,28.6,74,6.0,5.67,84,63.2,100.0,1,2
6.2,2.9,6.5,1.4,17.98,9.1,27.08,0.954,4.643,11.69,19.9,53,5.8,6.98,61,206.4,93.5,1,2
5.4,2.6,4.6,1.6,14.04,7.36,21.4,1.174,2.875,6.46,27.7,64,6.0,5.55,80,27.4,78.9,2,1
6.1,3.1,4.9,1.5,18.91,7.35,26.26,1.245,3.267,9.27,23.5,69,5.2,6.28,64,108.9,84.3,2,1
6.1,2.6,4.9,1.1,15.86,5.39,21.25,1.245,4.455,7.77,19.5,80,5.1,7.15,68,132.4,75.8,2,1
5.7,3.1,1.2,0.2,17.67,0.24,17.91,4.75,6.0,2.12,25.3,74,4.3,6.54,40,95.2,77.0,2,0
5.2,2.2,4.1,1.4,11.44,5.74,17.18,1.268,2.929,4.69,19.0,58,4.8,5.91,57,208.1,84.1,2,1
5.2,4.3,1.5,0.4,22.36,0.6,22.96,3.467,3.75,3.35,27.6,62,5.2,7.48,58,34.7,69.6,0,0
5.1,4.2,1.8,0.3,21.42,0.54,21.96,2.833,6.0,3.86,26.1,50,5.7,7.26,59,99.8,76.6,2,0
5.7,3.2,4.8,1.3,18.24,6.24,24.48,1.188,3.692,8.76,20.5,84,8.4,6.42,72,62.2,83.6,2,1
6.4,2.1,4.9,1.1,13.44,5.39,18.83,1.306,4.455,6.59,30.4,79,5.8,7.33,74,187.1,87.2,2,1
5.8,3.1,3.3,1.3,17.98,4.29,22.27,1.758,2.538,5.93,28.6,77,8.6,6.15,58,57.9,73.9,0,1
5.0,2.5,1.6,0.5,12.5,0.8,13.3,3.125,3.2,2.0,23.3,70,9.1,6.29,30,77.6,74.9,0,0
4.8,3.9,1.4,0.1,18.72,0.14,18.86,3.429,14.0,2.62,25.7,60,8.3,6.38,60,208.7,75.7,2,0
5.6,3.6,1.2,0.2,20.16,0.24,20.4,4.667,6.0,2.42,28.4,55,4.5,7.03,73,82.8,69.5,0,0
4.6,2.4,1.6,0.2,11.04,0.32,11.36,2.875,8.0,1.77,27.8,85,8.9,6.78,75,171.8,64.3,0,0
5.8,2.3,4.5,2.2,13.34,9.9,23.24,1.289,2.045,6.0,28.7,60,6.2,5.98,35,23.7,82.2,2,2
4.8,2.7,1.6,0.2,12.96,0.32,13.28,3.0,8.0,2.07,30.4,87,5.0,5.83,56,137.9,75.7,2,0
6.1,2.3,3.4,1.4,14.03,4.76,18.79,1.794,2.429,4.77,31.1,52,5.4,5.71,50,59.9,78.0,2,1
4.9,2.3,3.5,1.5,11.27,5.25,16.52,1.4,2.333,3.94,21.9,84,6.2,5.63,43,114.6,84.8,2,1
7.0,2.1,4.1,1.8,14.7,7.38,22.08,1.707,2.278,6.03,29.9,55,5.5,5.69,50,245.7,87.9,2,1
7.7,3.4,4.8,1.6,26.18,7.68,33.86,1.604,3.0,12.57,28.7,89,5.9,7.2,60,35.5,77.6,2,2
6.2,3.0,6.3,2.0,18.6,12.6,31.2,0.984,3.15,11.72,27.9,45,5.4,6.73,37,91.0,99.0,1,2
5.2,2.4,1.3,0.2,12.48,0.26,12.74,4.0,6.5,1.62,20.1,58,7.9,5.98,76,157.6,77.7,2,0
7.5,2.4,5.3,2.3,18.0,12.19,30.19,1.415,2.304,9.54,18.6,71,7.9,6.08,31,72.7,98.1,1,2
5.4,2.8,4.9,1.5,15.12,7.35,22.47,1.102,3.267,7.41,21.5,88,8.2,5.94,85,107.7,81.8,2,1
6.2,2.1,4.0,1.8,13.02,7.2,20.22,1.55,2.222,5.21,18.7,54,9.6,5.75,41,156.3,89.7,1,1
4.7,2.5,1.7,0.3,11.75,0.51,12.26,2.765,5.667,2.0,28.1,60,6.5,6.71,49,85.6,70.2,0,0
5.5,3.6,5.7,2.4,19.8,13.68,33.48,0.965,2.375,11.29,23.0,69,5.0,6.38,62,160.2,96.3,1,2
5.5,4.0,1.0,0.3,22.0,0.3,22.3,5.5,3.333,2.2,30.0,64,7.6,5.81,76,60.4,68.7,0,0
5.9,2.5,4.3,1.1,14.75,4.73,19.48,1.372,3.909,6.34,19.9,75,5.2,7.33,30,23.0,79.5,2,1
6.0,2.8,5.5,1.8,16.8,9.9,26.7,1.091,3.056,9.24,28.4,69,6.9,6.78,67,36.4,96.0,1,2
4.9,3.5,1.2,0.3,17.15,0.36,17.51,4.083,4.0,2.06,21.6,67,7.1,6.48,74,104.7,63.6,0,0
6.8,3.0,3.5,1.0,20.4,3.5,23.9,1.943,3.5,7.14,29.4,85,8.2,5.56,72,168.4,73.2,0,1
6.9,2.2,3.5,1.5,15.18,5.25,20.43,1.971,2.333,5.31,27.3,55,4.1,7.04,71,183.7,78.6,2,1
6.7,3.6,5.7,1.6,24.12,9.12,33.24,1.175,3.562,13.75,23.9,72,5.5,6.1,64,171.5,86.4,2,2
6.4,3.1,4.9,1.7,19.84,8.33,28.17,1.306,2.882,9.72,19.5,81,8.7,6.19,39,81.9,82.0,2,1
6.1,2.7,6.9,2.3,16.47,15.87,32.34,0.884,3.0,11.36,18.0,49,8.6,6.34,56,170.5,100.0,1,2
4.6,2.7,1.1,0.3,12.42,0.33,12.75,4.182,3.667,1.37,25.0,52,6.7,7.13,41,66.2,74.7,0,0
4.7,4.2,1.4,0.4,19.74,0.56,20.3,3.357,3.5,2.76,26.7,85,5.0,6.09,54,48.7,64.1,0,0
5.2,3.3,1.6,0.2,17.16,0.32,17.48,3.25,8.0,2.75,18.9,45,8.0,7.08,32,42.3,71.0,0,0
4.9,3.4,1.9,0.2,16.66,0.38,17.04,2.579,9.5,3.17,24.8,66,7.6,6.17,73,224.7,78.8,2,0
5.7,3.7,1.3,0.1,21.09,0.13,21.22,4.385,13.0,2.74,23.0,66,8.8,5.51,85,180.6,73.9,0,0
4.3,2.6,1.5,0.6,11.18,0.9,12.08,2.867,2.5,1.68,28.5,60,6.2,6.74,72,220.1,72.0,0,0
5.5,3.8,6.8,2.3,20.9,15.64,36.54,0.809,2.957,14.21,18.2,68,9.2,7.44,77,94.9,100.0,1,2
6.4,3.4,6.4,1.8,21.76,11.52,33.28,1.0,3.556,13.93,31.1,75,9.9,7.21,36,188.9,89.7,1,2
5.4,4.1,1.8,0.5,22.14,0.9,23.04,3.0,3.6,3.99,28.0,47,4.8,7.09,49,211.4,79.7,2,0
5.3,2.6,3.2,1.5,13.78,4.8,18.58,1.656,2.133,4.41,21.4,58,5.0,7.39,74,40.6,78.6,2,1
5.0,3.7,5.3,1.8,18.5,9.54,28.04,0.943,2.944,9.8,21.9,61,8.0,7.4,72,48.3,83.3,2,2
6.8,3.0,6.4,1.8,20.4,11.52,31.92,1.062,3.556,13.06,21.1,81,8.6,6.7,71,98.9,99.6,1,2
7.1,2.8,6.0,2.0,19.88,12.0,31.88,1.183,3.0,11.93,30.0,59,5.3,5.73,35,45.6,91.4,1,2
7.7,3.4,4.8,1.8,26.18,8.64,34.82,1.604,2.667,12.57,29.9,69,7.5,5.5,33,155.7,82.3,2,2
7.0,2.4,3.8,1.5,16.8,5.7,22.5,1.842,2.533,6.38,29.2,78,8.0,6.68,36,110.9,82.0,2,1
5.6,3.1,3.6,1.2,17.36,4.32,21.68,1.556,3.0,6.25,27.5,54,7.6,5.79,72,215.3,83.9,2,1
5.2,2.9,1.9,0.2,15.08,0.38,15.46,2.737,9.5,2.87,32.0,90,7.4,6.76,43,133.9,74.0,0,0
5.0,3.1,3.3,1.6,15.5,5.28,20.78,1.515,2.062,5.12,29.9,59,8.2,5.61,85,198.5,86.3,2,1
6.1,3.8,6.1,2.3,23.18,14.03,37.21,1.0,2.652,14.14,31.9,80,6.4,6.34,60,247.8,100.0,1,2
5.1,3.0,3.6,1.7,15.3,6.12,21.42,1.417,2.118,5.51,27.8,80,6.4,5.76,78,202.0,88.1,1,1
5.6,3.8,1.4,0.2,21.28,0.28,21.56,4.0,7.0,2.98,19.9,89,6.9,7.29,43,70.2,74.5,0,0
6.9,2.8,6.6,1.5,19.32,9.9,29.22,1.045,4.4,12.75,29.0,54,6.3,7.47,73,213.6,96.6,1,2
4.8,3.3,1.9,0.2,15.84,0.38,16.22,2.526,9.5,3.01,25.2,66,7.6,7.44,70,186.2,66.7,0,0
4.7,3.3,1.6,0.6,15.51,0.96,16.47,2.938,2.667,2.48,27.1,69,8.7,7.48,72,171.5,76.4,2,0
6.0,3.2,5.6,1.4,19.2,7.84,27.04,1.071,4.0,10.75,19.6,52,6.9,6.84,62,71.7,87.1,2,2
6.3,3.3,4.7,2.1,20.79,9.87,30.66,1.34,2.238,9.77,23.4,86,8.2,6.1,38,42.9,82.8,2,2
5.5,3.5,4.5,2.0,19.25,9.0,28.25,1.222,2.25,8.66,25.5,78,6.9,6.54,67,144.0,93.1,1,2
5.3,3.4,6.8,2.4,18.02,16.32,34.34,0.779,2.833,12.25,20.5,83,8.2,5.51,58,204.1,96.6,1,2
5.2,3.7,1.1,0.2,19.24,0.22,19.46,4.727,5.5,2.12,28.5,50,9.9,6.51,53,242.2,65.2,0,0
4.9,2.7,6.8,2.0,13.23,13.6,26.83,0.721,3.4,9.0,29.0,87,7.2,5.78,61,179.9,97.6,1,2
6.2,2.7,4.4,1.5,16.74,6.6,23.34,1.409,2.933,7.37,18.6,47,5.1,6.1,83,69.5,77.3,2,1
5.5,2.8,4.8,2.1,15.4,10.08,25.48,1.146,2.286,7.39,19.0,61,5.6,6.8,40,112.0,83.5,2,2
6.3,3.3,3.3,1.2,20.79,3.96,24.75,1.909,2.75,6.86,26.8,62,10.0,6.89,42,184.3,78.9,2,1
7.4,3.2,5.5,1.6,23.68,8.8,32.48,1.345,3.438,13.02,31.9,72,6.3,7.43,45,37.8,81.6,2,2
5.3,3.2,1.3,0.1,16.96,0.13,17.09,4.077,13.0,2.2,30.7,62,4.9,7.1,47,22.3,68.3,0,0
4.9,2.5,1.8,0.2,12.25,0.36,12.61,2.722,9.0,2.21,28.2,64,7.5,7.11,36,141.7,73.9,0,0
6.1,2.9,4.9,1.1,17.69,5.39,23.08,1.245,4.455,8.67,31.3,69,5.1,7.11,73,242.6,81.3,2,1
7.5,2.8,5.9,1.7,21.0,10.03,31.03,1.271,3.471,12.39,27.6,90,4.9,5.75,54,150.5,86.3,2,2
6.8,2.8,6.4,2.1,19.04,13.44,32.48,1.062,3.048,12.19,23.9,74,5.1,7.47,81,127.8,93.5,1,2
6.0,3.0,4.9,1.2,18.0,5.88,23.88,1.224,4.083,8.82,26.9,50,9.7,6.31,50,214.4,83.9,2,1
5.4,4.3,1.1,0.1,23.22,0.11,23.33,4.909,11.0,2.55,28.4,80,9.6,7.12,30,241.3,69.0,0,0
7.7,2.4,5.7,2.2,18.48,12.54,31.02,1.351,2.591,10.53,27.5,79,8.2,6.31,69,63.7,100.0,1,2
5.4,3.8,1.7,0.2,20.52,0.34,20.86,3.176,8.5,3.49,28.3,78,8.1,5.58,58,241.9,73.5,0,0
7.6,2.5,5.4,1.5,19.0,8.1,27.1,1.407,3.6,10.26,22.9,48,6.5,6.26,53,243.0,83.6,2,2
5.6,3.1,6.3,1.5,17.36,9.45,26.81,0.889,4.2,10.94,22.2,63,5.6,5.5,70,150.8,84.4,2,2
6.9,3.3,4.1,1.7,22.77,6.97,29.74,1.683,2.412,9.34,31.1,84,9.1,5.61,30,161.6,81.2,2,1
5.1,2.5,4.5,1.3,12.75,5.85,18.6,1.133,3.462,5.74,18.1,72,7.0,5.67,62,226.7,80.3,2,1
4.9,3.1,3.5,1.4,15.19,4.9,20.09,1.4,2.5,5.32,23.2,68,6.6,5.86,81,82.0,87.6,2,1
7.4,2.5,5.3,1.9,18.5,10.07,28.57,1.396,2.789,9.8,23.0,90,5.2,5.88,32,50.7,88.9,1,2
6.8,2.2,3.4,1.4,14.96,4.76,19.72,2.0,2.429,5.09,27.3,62,4.7,6.48,61,204.0,82.9,2,1
6.5,3.1,3.8,1.6,20.15,6.08,26.23,1.711,2.375,7.66,28.4,69,4.8,7.42,80,24.9,76.6,2,1
4.9,3.3,4.6,2.3,16.17,10.58,26.75,1.065,2.0,7.44,24.0,83,8.4,6.37,48,84.9,84.5,2,2
5.4,2.2,4.1,1.2,11.88,4.92,16.8,1.317,3.417,4.87,28.7,61,10.0,5.99,82,118.7,79.4,2,1
5.4,3.4,1.2,0.6,18.36,0.72,19.08,4.5,2.0,2.2,26.3,85,4.9,5.74,55,28.8,79.3,2,0
4.9,3.6,1.1,0.1,17.64,0.11,17.75,4.455,11.0,1.94,23.7,64,8.2,7.46,44,97.3,69.9,0,0
6.2,2.3,4.8,1.8,14.26,8.64,22.9,1.292,2.667,6.84,31.2,90,6.5,6.14,33,61.8,79.3,2,2
7.1,2.5,5.6,2.4,17.75,13.44,31.19,1.268,2.333,9.94,19.4,56,5.5,6.48,51,90.0,90.4,1,2
5.3,3.9,1.1,0.3,20.67,0.33,21.0,4.818,3.667,2.27,29.3,82,7.2,6.24,71,83.5,72.0,0,0
5.6,2.6,1.7,0.2,14.56,0.34,14.9,3.294,8.5,2.48,26.2,86,8.9,5.89,58,232.9,63.9,0,0
6.8,2.7,5.6,2.2,18.36,12.32,30.68,1.214,2.545,10.28,25.5,54,4.3,5.88,65,183.7,100.0,1,2
7.8,3.6,5.6,2.2,28.08,12.32,40.4,1.393,2.545,15.72,30.8,49,6.9,6.55,62,201.9,89.3,1,2
6.4,2.2,3.1,1.5,14.08,4.65,18.73,2.065,2.067,4.36,29.1,89,5.1,7.13,61,177.5,85.2,2,1
4.5,3.9,1.3,0.5,17.55,0.65,18.2,3.462,2.6,2.28,23.6,62,5.2,5.51,66,70.1,74.4,0,0
6.3,3.3,5.8,1.7,20.79,9.86,30.65,1.086,3.412,12.06,21.1,90,5.6,5.74,44,30.5,85.5,2,2
5.3,4.3,1.2,0.2,22.79,0.24,23.03,4.417,6.0,2.73,30.2,48,7.9,6.0,82,68.3,64.3,0,0
5.9,3.2,5.4,1.5,18.88,8.1,26.98,1.093,3.6,10.2,27.9,80,5.6,5.77,69,87.8,94.0,1,2
7.3,3.5,5.0,2.5,25.55,12.5,38.05,1.46,2.0,12.78,20.5,46,7.2,7.46,79,236.0,96.3,1,2
7.1,2.8,6.1,2.4,19.88,14.64,34.52,1.164,2.542,12.13,26.9,80,5.2,6.38,50,81.8,100.0,1,2
5.2,2.3,4.5,1.3,11.96,5.85,17.81,1.156,3.462,5.38,30.6,50,7.0,6.42,82,218.3,76.7,2,1
6.9,2.3,3.6,1.2,15.87,4.32,20.19,1.917,3.0,5.71,30.4,70,8.1,5.88,39,36.6,74.6,0,1
7.8,2.4,5.8,2.2,18.72,12.76,31.48,1.345,2.636,10.86,29.3,83,4.6,6.27,37,210.1,99.7,1,2
7.7,2.4,6.3,1.7,18.48,10.71,29.19,1.222,3.706,11.64,31.1,83,4.1,7.43,80,44.5,95.2,1,2
6.7,2.1,3.3,1.6,14.07,5.28,19.35,2.03,2.062,4.64,30.5,55,5.8,6.46,45,32.9,83.6,2,1
6.5,2.2,4.6,2.0,14.3,9.2,23.5,1.413,2.3,6.58,19.4,71,4.9,7.32,31,72.1,86.6,2,2
6.3,2.3,4.8,1.3,14.49,6.24,20.73,1.312,3.692,6.96,30.4,52,7.0,7.48,44,43.4,89.8,1,1
5.1,2.5,3.8,1.7,12.75,6.46,19.21,1.342,2.235,4.84,19.2,47,7.6,5.86,63,97.0,77.8,2,1
5.2,2.9,3.6,1.7,15.08,6.12,21.2,1.444,2.118,5.43,22.9,51,5.6,6.5,53,234.6,87.2,2,1
7.3,3.5,6.6,2.5,25.55,16.5,42.05,1.106,2.64,16.86,28.9,54,5.9,6.28,76,203.3,100.0,1,2
4.5,3.2,1.7,0.2,14.4,0.34,14.74,2.647,8.5,2.45,22.5,53,5.1,6.27,50,133.7,70.4,0,0
6.2,2.9,3.3,1.8,17.98,5.94,23.92,1.879,1.833,5.93,30.9,69,6.5,6.49,64,133.3,82.5,2,1
4.9,3.5,1.4,0.4,17.15,0.56,17.71,3.5,3.5,2.4,27.7,59,8.2,5.97,30,66.8,76.7,2,0
6.1,3.3,4.9,1.0,20.13,4.9,25.03,1.245,4.9,9.86,22.9,53,5.8,5.79,84,146.8,86.7,2,1
5.4,3.2,3.1,1.1,17.28,3.41,20.69,1.742,2.818,5.36,31.5,90,4.9,6.97,74,241.9,74.8,0,1
5.2,3.1,5.6,2.1,16.12,11.76,27.88,0.929,2.667,9.03,20.2,54,6.2,5.66,34,22.9,98.8,1,2
5.2,2.3,4.6,1.6,11.96,7.36,19.32,1.13,2.875,5.5,27.8,64,6.8,6.95,58,199.7,87.8,2,1
5.1,2.1,4.3,1.5,10.71,6.45,17.16,1.186,2.867,4.61,20.4,55,4.1,7.17,73,238.1,82.2,2,1
7.4,3.7,5.7,2.2,27.38,12.54,39.92,1.298,2.591,15.61,23.9,55,5.6,5.68,54,244.9,89.1,1,2
4.9,2.4,1.4,0.5,11.76,0.7,12.46,3.5,2.8,1.65,31.7,83,9.1,7.13,59,129.8,73.8,0,0
6.6,2.2,4.7,1.5,14.52,7.05,21.57,1.404,3.133,6.82,20.7,51,4.6,6.23,79,214.7,76.5,2,1
5.2,2.1,3.4,1.0,10.92,3.4,14.32,1.529,3.4,3.71,30.7,57,7.3,6.78,32,75.3,70.2,0,1
6.6,3.1,6.4,1.5,20.46,9.6,30.06,1.031,4.267,13.09,22.4,64,4.1,6.21,48,240.5,89.2,1,2
6.5,3.0,5.0,1.6,19.5,8.0,27.5,1.3,3.125,9.75,19.4,71,9.4,6.51,62,205.7,80.4,2,1
7.3,3.0,6.6,1.4,21.9,9.24,31.14,1.106,4.714,14.45,20.3,88,6.8,7.27,35,239.1,84.2,2,2
5.5,3.7,1.7,0.2,20.35,0.34,20.69,3.235,8.5,3.46,31.5,78,10.0,6.72,63,234.0,68.1,0,0
4.8,3.1,1.8,0.3,14.88,0.54,15.42,2.667,6.0,2.68,30.5,88,6.3,5.92,69,159.6,78.4,2,0
6.8,3.0,6.4,1.6,20.4,10.24,30.64,1.062,4.0,13.06,30.2,80,9.2,7.09,35,134.7,89.8,1,2
5.7,2.6,1.3,0.3,14.82,0.39,15.21,4.385,4.333,1.93,19.2,56,8.3,6.42,60,245.1,75.0,0,0
6.3,2.2,3.3,1.5,13.86,4.95,18.81,1.909,2.2,4.57,18.6,63,6.4,7.21,73,49.7,77.8,2,1
7.8,2.8,6.1,2.0,21.84,12.2,34.04,1.279,3.05,13.32,21.7,88,4.3,7.45,33,190.4,90.3,1,2
4.9,3.6,5.2,1.6,17.64,8.32,25.96,0.942,3.25,9.17,23.6,49,5.3,7.25,72,41.5,86.1,2,2
6.5,3.5,4.8,1.6,22.75,7.68,30.43,1.354,3.0,10.92,19.5,70,8.6,5.9,51,34.8,82.8,2,2
6.4,3.3,5.6,1.7,21.12,9.52,30.64,1.143,3.294,11.83,18.5,54,9.7,5.79,43,93.6,81.5,2,2
7.2,2.3,6.4,2.3,16.56,14.72,31.28,1.125,2.783,10.6,31.7,58,4.3,7.24,78,177.2,95.8,1,2
5.4,2.4,5.2,1.5,12.96,7.8,20.76,1.038,3.467,6.74,30.2,73,9.2,6.55,72,225.4,80.5,2,2
4.4,4.2,1.3,0.5,18.48,0.65,19.13,3.385,2.6,2.4,20.3,67,9.7,6.46,64,178.4,65.9,0,0
6.2,3.7,5.9,2.3,22.94,13.57,36.51,1.051,2.565,13.53,25.9,83,5.2,6.95,67,161.8,94.3,1,2
7.1,3.4,5.3,1.6,24.14,8.48,32.62,1.34,3.312,12.79,24.4,54,7.0,6.13,80,243.1,85.5,2,2
7.1,3.8,6.8,2.3,26.98,15.64,42.62,1.044,2.957,18.35,26.9,85,9.8,5.69,43,191.5,96.3,1,2
6.5,2.5,5.4,1.8,16.25,9.72,25.97,1.204,3.0,8.78,31.3,88,7.5,5.53,82,103.7,86.3,2,2
6.0,3.2,4.5,1.5,19.2,6.75,25.95,1.333,3.0,8.64,24.4,71,6.1,7.16,57,140.3,87.7,2,1
5.7,3.3,1.3,0.4,18.81,0.52,19.33,4.385,3.25,2.45,20.3,72,6.3,7.19,74,176.5,73.2,0,0
6.8,3.7,6.6,2.5,25.16,16.5,41.66,1.03,2.64,16.61,29.3,51,4.5,5.53,56,43.8,100.0,1,2
7.7,2.4,5.6,2.0,18.48,11.2,29.68,1.375,2.8,10.35,18.5,63,9.1,5.92,79,124.6,90.5,1,2
5.6,4.3,1.3,0.5,24.08,0.65,24.73,4.308,2.6,3.13,24.5,86,8.2,6.98,30,236.1,75.8,2,0
5.8,3.6,5.1,2.3,20.88,11.73,32.61,1.137,2.217,10.65,29.1,71,8.0,5.51,56,27.5,85.9,2,2
6.7,2.7,4.6,1.3,18.09,5.98,24.07,1.457,3.538,8.32,20.4,81,10.0,5.98,55,64.3,84.3,2,1
5.5,3.5,1.1,0.4,19.25,0.44,19.69,5.0,2.75,2.12,31.7,56,6.4,6.14,40,120.6,64.5,0,0
5.1,3.6,1.7,0.5,18.36,0.85,19.21,3.0,3.4,3.12,26.8,61,9.0,5.82,50,66.9,65.2,0,0
4.9,3.1,3.3,1.5,15.19,4.95,20.14,1.485,2.2,5.01,25.6,50,7.4,5.55,76,50.0,79.2,2,1
7.2,2.5,6.1,1.6,18.0,9.76,27.76,1.18,3.812,10.98,20.7,60,8.4,7.11,54,197.2,92.1,1,2
5.1,2.2,3.0,1.8,11.22,5.4,16.62,1.7,1.667,3.37,30.1,52,6.8,6.69,36,52.6,77.0,2,1
4.4,3.3,1.3,0.5,14.52,0.65,15.17,3.385,2.6,1.89,23.5,76,8.8,6.33,61,240.6,64.5,0,0
6.2,3.6,6.0,1.9,22.32,11.4,33.72,1.033,3.158,13.39,20.3,64,4.1,5.86,66,165.2,98.5,1,2
5.8,4.4,1.4,0.4,25.52,0.56,26.08,4.143,3.5,3.57,25.7,55,7.1,6.01,37,64.4,63.6,0,0
5.1,3.9,1.2,0.3,19.89,0.36,20.25,4.25,4.0,2.39,30.6,46,6.0,5.94,76,179.1,64.7,0,0
5.9,3.3,3.7,1.4,19.47,5.18,24.65,1.595,2.643,7.2,22.1,76,6.6,7.39,42,77.5,75.5,2,1
5.7,2.8,5.9,2.2,15.96,12.98,28.94,0.966,2.682,9.42,22.4,58,9.7,6.48,58,117.5,99.9,1,2
6.2,2.9,3.9,1.5,17.98,5.85,23.83,1.59,2.6,7.01,23.2,85,8.9,6.4,32,240.4,77.7,2,1
5.5,3.2,4.4,1.8,17.6,7.92,25.52,1.25,2.444,7.74,22.9,46,4.7,7.12,57,201.9,83.6,2,1
4.6,3.1,1.1,0.3,14.26,0.33,14.59,4.182,3.667,1.57,18.1,89,4.1,6.16,59,150.5,67.8,0,0
5.1,3.1,1.5,0.4,15.81,0.6,16.41,3.4,3.75,2.37,19.4,62,8.3,7.39,81,217.8,64.4,0,0
6.2,3.4,5.3,1.8,21.08,9.54,30.62,1.17,2.944,11.17,20.8,76,7.0,7.48,56,47.4,88.3,1,2
5.9,2.8,5.9,1.7,16.52,10.03,26.55,1.0,3.471,9.75,27.0,81,9.9,7.32,48,50.1,97.5,1,2
5.6,4.2,1.0,0.4,23.52,0.4,23.92,5.6,2.5,2.35,19.0,51,9.0,6.33,49,83.2,74.9,0,0
5.1,3.1,4.0,1.0,15.81,4.0,19.81,1.275,4.0,6.32,22.2,74,7.0,6.78,37,213.9,85.0,2,1
4.3,2.4,1.0,0.2,10.32,0.2,10.52,4.3,5.0,1.03,22.5,89,8.3,5.95,35,64.0,76.8,2,0
6.6,2.8,3.0,1.6,18.48,4.8,23.28,2.2,1.875,5.54,18.7,47,4.7,7.39,34,80.7,82.6,2,1
5.5,2.2,3.3,1.4,12.1,4.62,16.72,1.667,2.357,3.99,19.8,54,8.5,7.28,56,166.5,81.9,2,1
6.5,3.1,6.1,2.5,20.15,15.25,35.4,1.066,2.44,12.29,22.5,75,5.4,6.03,48,183.6,98.1,1,2
5.3,3.8,1.2,0.1,20.14,0.12,20.26,4.417,12.0,2.42,31.6,48,5.3,6.84,59,208.3,65.2,0,0
4.8,4.0,1.7,0.4,19.2,0.68,19.88,2.824,4.25,3.26,22.4,64,8.3,6.81,84,136.0,78.0,2,0
5.7,3.1,1.4,0.4,17.67,0.56,18.23,4.071,3.5,2.47,20.8,70,5.1,6.06,40,177.8,78.3,2,0
6.8,2.4,6.6,2.2,16.32,14.52,30.84,1.03,3.0,10.77,21.4,74,5.1,5.56,72,142.1,96.7,1,2
5.7,2.5,1.4,0.2,14.25,0.28,14.53,4.071,7.0,1.99,25.0,77,6.0,6.38,53,42.5,72.9,0,0
7.7,2.5,5.0,1.6,19.25,8.0,27.25,1.54,3.125,9.62,21.9,83,7.0,6.37,73,31.5,82.0,2,2
4.6,2.4,1.0,0.2,11.04,0.2,11.24,4.6,5.0,1.1,18.9,51,5.7,7.27,74,184.6,68.7,0,0
4.6,4.0,1.6,0.3,18.4,0.48,18.88,2.875,5.333,2.94,20.4,58,6.1,6.08,68,86.2,63.0,0,0
5.1,3.8,1.4,0.3,19.38,0.42,19.8,3.643,4.667,2.71,30.7,60,5.0,6.86,40,63.1,77.2,2,0
5.7,3.7,1.4,0.1,21.09,0.14,21.23,4.071,14.0,2.95,31.6,49,5.0,7.02,30,156.6,77.8,2,0
4.9,3.6,5.6,1.4,17.64,7.84,25.48,0.875,4.0,9.88,18.2,88,9.9,7.17,63,135.7,89.8,1,2
4.4,4.0,1.3,0.3,17.6,0.39,17.99,3.385,4.333,2.29,22.9,79,5.5,6.47,53,125.5,76.0,2,0
6.4,3.2,4.6,1.7,20.48,7.82,28.3,1.391,2.706,9.42,30.6,83,6.9,6.04,63,187.5,78.0,2,1
6.7,2.9,3.3,1.4,19.43,4.62,24.05,2.03,2.357,6.41,21.4,89,9.8,6.22,77,40.5,86.0,2,1
6.2,3.4,4.8,1.5,21.08,7.2,28.28,1.292,3.2,10.12,30.6,73,9.9,7.25,41,81.0,87.3,2,1
5.7,2.6,5.1,1.2,14.82,6.12,20.94,1.118,4.25,7.56,18.6,78,8.2,7.17,37,119.7,81.5,2,1
5.5,3.4,4.0,1.5,18.7,6.0,24.7,1.375,2.667,7.48,24.5,54,7.1,6.08,65,172.8,78.9,2,1
5.0,2.4,4.0,1.2,12.0,4.8,16.8,1.25,3.333,4.8,29.6,52,4.3,6.11,57,101.0,84.9,2,1
4.7,3.0,1.3,0.5,14.1,0.65,14.75,3.615,2.6,1.83,27.3,80,4.9,5.67,47,52.8,75.0,0,0
6.1,2.1,3.5,1.4,12.81,4.9,17.71,1.743,2.5,4.48,23.0,88,7.8,6.35,36,225.4,86.5,2,1
5.8,3.1,6.1,1.8,17.98,10.98,28.96,0.951,3.389,10.97,26.1,88,8.6,6.0,56,147.5,88.8,1,2
4.7,4.2,1.4,0.2,19.74,0.28,20.02,3.357,7.0,2.76,29.0,72,4.6,6.55,74,92.0,77.5,2,0
6.0,2.8,5.6,2.5,16.8,14.0,30.8,1.071,2.24,9.41,24.5,80,4.2,7.03,35,193.8,99.8,1,2
6.6,2.8,3.8,1.5,18.48,5.7,24.18,1.737,2.533,7.02,30.6,63,4.3,7.19,38,112.7,73.5,0,1
6.3,2.3,4.6,2.3,14.49,10.58,25.07,1.37,2.0,6.67,27.1,66,7.6,7.14,66,130.7,88.5,1,2
4.5,3.5,1.5,0.5,15.75,0.75,16.5,3.0,3.0,2.36,27.8,78,4.9,6.98,61,51.4,77.8,2,0
7.5,2.7,5.2,2.5,20.25,13.0,33.25,1.442,2.08,10.53,18.1,76,7.7,5.9,34,20.0,97.7,1,2
5.1,2.8,1.1,0.1,14.28,0.11,14.39,4.636,11.0,1.57,25.1,70,4.3,5.74,55,131.3,65.2,0,0
5.6,3.4,1.7,0.4,19.04,0.68,19.72,3.294,4.25,3.24,30.0,84,4.7,5.79,31,62.5,76.5,2,0
5.6,3.0,6.2,1.6,16.8,9.92,26.72,0.903,3.875,10.42,24.7,63,8.0,7.42,61,104.5,86.2,2,2
6.4,2.2,3.9,1.3,14.08,5.07,19.15,1.641,3.0,5.49,18.4,74,4.7,6.28,67,89.6,82.5,2,1
6.8,2.3,6.7,2.5,15.64,16.75,32.39,1.015,2.68,10.48,24.6,74,5.7,7.46,52,135.1,100.0,1,2
4.8,3.8,1.4,0.1,18.24,0.14,18.38,3.429,14.0,2.55,27.2,67,7.9,6.63,59,184.5,74.9,0,0
6.5,2.9,4.9,1.1,18.85,5.39,24.24,1.327,4.455,9.24,29.8,75,6.3,6.44,72,61.5,84.1,2,1
7.2,3.0,4.8,1.8,21.6,8.64,30.24,1.5,2.667,10.37,31.4,67,7.5,7.16,34,30.3,92.9,1,2
4.6,3.7,1.4,0.4,17.02,0.56,17.58,3.286,3.5,2.38,22.5,59,9.9,7.12,76,203.0,64.8,0,0
5.4,3.1,1.9,0.6,16.74,1.14,17.88,2.842,3.167,3.18,18.9,61,4.7,7.19,34,121.6,70.3,0,0
7.4,3.7,5.3,2.2,27.38,11.66,39.04,1.396,2.409,14.51,23.3,85,7.4,5.9,46,133.0,96.2,1,2
4.6,2.6,1.7,0.5,11.96,0.85,12.81,2.706,3.4,2.03,20.7,82,4.1,7.42,36,66.8,76.7,2,0
4.8,3.2,1.5,0.1,15.36,0.15,15.51,3.2,15.0,2.3,20.6,86,7.2,5.88,43,151.2,69.9,0,0
5.6,3.3,4.8,1.6,18.48,7.68,26.16,1.167,3.0,8.87,24.1,85,6.3,5.64,35,49.3,85.6,2,1
4.5,2.8,1.5,0.3,12.6,0.45,13.05,3.0,5.0,1.89,21.1,63,9.5,6.0,75,102.3,76.9,2,0
5.8,2.5,1.5,0.5,14.5,0.75,15.25,3.867,3.0,2.17,31.0,77,5.9,6.74,64,180.4,65.3,0,0
6.9,3.4,4.4,1.0,23.46,4.4,27.86,1.568,4.4,10.32,23.9,57,6.0,7.03,38,67.0,83.9,2,1
6.8,2.9,4.8,1.2,19.72,5.76,25.48,1.417,4.0,9.47,19.0,81,9.4,6.91,78,205.7,79.1,2,1
5.7,3.6,1.6,0.1,20.52,0.16,20.68,3.562,16.0,3.28,25.7,53,5.6,5.58,32,134.2,65.9,0,0
5.8,2.4,4.8,1.8,13.92,8.64,22.56,1.208,2.667,6.68,18.3,48,4.2,7.06,42,142.9,93.0,1,1
7.0,2.2,5.7,1.8,15.4,10.26,25.66,1.228,3.167,8.78,23.3,53,6.6,6.35,38,46.6,84.4,2,2
7.8,2.8,5.0,1.9,21.84,9.5,31.34,1.56,2.632,10.92,18.8,59,4.6,5.52,56,191.9,95.2,1,2
6.6,3.8,4.5,2.2,25.08,9.9,34.98,1.467,2.045,11.29,29.4,49,4.3,6.38,48,30.1,87.4,2,2
7.6,3.8,4.8,1.8,28.88,8.64,37.52,1.583,2.667,13.86,27.2,87,4.5,6.0,64,67.3,90.6,1,2
6.8,3.2,3.9,1.2,21.76,4.68,26.44,1.744,3.25,8.49,23.1,80,5.8,6.81,63,225.4,76.5,2,1
6.4,2.3,6.7,2.2,14.72,14.74,29.46,0.955,3.045,9.86,26.7,62,4.5,7.32,83,244.5,95.2,1,2
6.6,2.4,6.2,2.3,15.84,14.26,30.1,1.065,2.696,9.82,18.5,60,8.2,6.8,59,239.2,90.9,1,2
4.7,3.5,1.3,0.6,16.45,0.78,17.23,3.615,2.167,2.14,18.8,84,6.3,5.54,54,108.5,64.3,0,0
4.9,3.7,1.5,0.4,18.13,0.6,18.73,3.267,3.75,2.72,18.4,67,9.6,7.32,78,225.4,78.0,2,0
6.6,2.8,4.6,1.3,18.48,5.98,24.46,1.435,3.538,8.5,29.6,72,9.2,7.07,77,193.1,86.9,2,1
6.1,3.4,6.1,2.3,20.74,14.03,34.77,1.0,2.652,12.65,31.1,74,6.5,6.94,79,139.3,92.7,1,2
5.9,3.4,3.5,1.7,20.06,5.95,26.01,1.686,2.059,7.02,21.9,88,9.7,5.67,45,197.4,78.6,2,1
6.1,3.2,5.4,2.1,19.52,11.34,30.86,1.13,2.571,10.54,29.0,83,4.1,6.11,72,93.8,88.9,1,2
5.0,2.3,1.0,0.1,11.5,0.1,11.6,5.0,10.0,1.15,23.0,85,9.1,5.94,33,153.3,63.5,0,0
6.6,3.7,5.6,1.7,24.42,9.52,33.94,1.179,3.294,13.68,29.0,61,9.2,5.75,70,60.1,95.0,1,2
5.0,2.4,4.6,2.2,12.0,10.12,22.12,1.087,2.091,5.52,30.0,82,5.9,6.61,44,34.0,93.7,1,2
6.9,2.0,4.8,1.7,13.8,8.16,21.96,1.438,2.824,6.62,25.6,47,7.6,6.2,34,136.6,80.1,2,1
4.7,3.0,1.3,0.5,14.1,0.65,14.75,3.615,2.6,1.83,23.8,86,6.6,6.07,31,95.1,75.9,2,0
6.9,3.3,3.8,1.8,22.77,6.84,29.61,1.816,2.111,8.65,22.1,46,5.0,5.59,39,229.7,76.1,2,1
5.5,2.7,6.2,2.2,14.85,13.64,28.49,0.887,2.818,9.21,29.0,90,6.1,5.93,83,154.0,99.8,1,2
4.9,4.4,1.1,0.1,21.56,0.11,21.67,4.455,11.0,2.37,31.1,59,7.4,7.5,70,146.1,68.9,0,0
5.3,3.6,6.4,2.1,19.08,13.44,32.52,0.828,3.048,12.21,27.2,78,6.6,6.04,83,152.3,100.0,1,2
5.4,3.1,3.8,1.4,16.74,5.32,22.06,1.421,2.714,6.36,28.5,52,8.2,6.39,56,103.2,78.3,2,1
5.1,2.8,5.7,1.7,14.28,9.69,23.97,0.895,3.353,8.14,29.0,59,7.4,7.15,38,232.9,85.3,2,2
6.3,2.9,4.3,1.6,18.27,6.88,25.15,1.465,2.687,7.86,22.8,52,4.5,6.34,39,152.5,85.9,2,1
5.6,4.1,1.0,0.2,22.96,0.2,23.16,5.6,5.0,2.3,21.7,80,8.3,6.44,36,49.1,62.9,0,0
5.0,2.2,3.2,1.4,11.0,4.48,15.48,1.562,2.286,3.52,25.4,69,9.4,6.21,55,180.3,74.8,0,1
5.1,3.3,4.9,1.5,16.83,7.35,24.18,1.041,3.267,8.25,26.6,47,4.4,7.34,58,229.5,86.8,2,1
7.4,2.7,5.6,1.5,19.98,8.4,28.38,1.321,3.733,11.19,20.6,82,9.5,7.37,35,55.0,78.9,2,2
6.0,3.2,5.4,1.9,19.2,10.26,29.46,1.111,2.842,10.37,25.1,82,5.7,7.05,44,88.4,88.0,2,2
6.5,3.0,5.7,2.4,19.5,13.68,33.18,1.14,2.375,11.12,22.0,69,5.9,5.86,39,29.6,100.0,1,2
5.5,3.0,5.9,2.1,16.5,12.39,28.89,0.932,2.81,9.74,19.4,63,5.0,6.08,61,121.0,100.0,1,2
6.9,2.4,4.3,1.1,16.56,4.73,21.29,1.605,3.909,7.12,21.2,62,4.8,5.91,83,137.0,74.2,0,1
7.6,3.7,5.8,2.3,28.12,13.34,41.46,1.31,2.522,16.31,18.1,46,6.2,6.06,66,118.1,95.8,1,2
5.5,2.9,1.1,0.5,15.95,0.55,16.5,5.0,2.2,1.75,29.8,73,9.3,6.49,35,218.8,79.0,2,0
6.9,3.7,6.4,2.2,25.53,14.08,39.61,1.078,2.909,16.34,21.1,49,6.0,6.51,47,124.3,100.0,1,2
7.2,3.3,5.3,2.4,23.76,12.72,36.48,1.358,2.208,12.59,24.1,90,8.8,6.14,83,148.4,100.0,1,2
5.0,3.2,4.5,1.6,16.0,7.2,23.2,1.111,2.812,7.2,23.3,59,8.0,6.03,39,131.4,79.4,2,2
5.5,2.3,4.8,1.8,12.65,8.64,21.29,1.146,2.667,6.07,30.0,58,4.0,5.63,65,160.6,90.6,1,1
4.9,2.9,1.3,0.4,14.21,0.52,14.73,3.769,3.25,1.85,26.9,75,7.2,7.41,49,213.4,77.0,2,0
6.4,3.5,5.4,1.8,22.4,9.72,32.12,1.185,3.0,12.1,24.7,51,5.3,7.43,78,195.7,88.2,1,2
5.6,2.9,3.2,1.4,16.24,4.48,20.72,1.75,2.286,5.2,22.5,52,6.1,6.3,38,197.9,78.7,2,1
6.2,3.0,3.1,1.2,18.6,3.72,22.32,2.0,2.583,5.77,21.0,71,4.4,7.04,46,175.2,76.0,2,1
5.8,2.4,3.1,1.4,13.92,4.34,18.26,1.871,2.214,4.32,21.1,85,8.9,6.12,56,70.9,84.7,2,1
5.5,3.2,6.8,2.1,17.6,14.28,31.88,0.809,3.238,11.97,22.6,83,7.2,7.4,31,204.6,92.0,1,2
5.9,2.8,6.3,1.5,16.52,9.45,25.97,0.937,4.2,10.41,18.7,58,6.2,5.9,40,212.8,87.2,2,2
5.6,3.5,6.7,1.8,19.6,12.06,31.66,0.836,3.722,13.13,21.0,60,9.6,5.57,31,193.7,94.5,1,2
6.1,3.0,4.9,1.7,18.3,8.33,26.63,1.245,2.882,8.97,21.2,89,5.5,6.04,37,207.0,84.7,2,2
5.2,3.0,3.6,1.1,15.6,3.96,19.56,1.444,3.273,5.62,19.0,90,8.6,6.33,30,190.8,78.6,2,1
4.4,3.5,1.4,0.5,15.4,0.7,16.1,3.143,2.8,2.16,30.0,65,6.6,6.99,49,83.0,66.6,0,0
6.9,2.8,3.8,1.3,19.32,4.94,24.26,1.816,2.923,7.34,21.1,71,7.4,6.47,74,142.6,75.8,2,1
5.8,3.8,1.9,0.5,22.04,0.95,22.99,3.053,3.8,4.19,28.0,73,5.3,7.45,55,197.4,71.1,0,0
6.1,2.9,3.7,1.6,17.69,5.92,23.61,1.649,2.312,6.55,31.7,51,7.4,5.92,61,156.5,75.2,2,1
6.2,2.7,4.5,1.5,16.74,6.75,23.49,1.378,3.0,7.53,21.3,76,5.5,6.12,51,211.9,76.1,2,1
6.6,2.9,4.5,2.2,19.14,9.9,29.04,1.467,2.045,8.61,28.6,76,7.3,6.13,71,74.2,89.2,1,2
6.0,3.2,5.1,1.1,19.2,5.61,24.81,1.176,4.636,9.79,19.5,89,4.5,5.75,30,57.3,85.2,2,1
4.6,4.1,1.1,0.5,18.86,0.55,19.41,4.182,2.2,2.07,24.9,85,8.8,6.47,77,221.1,69.8,0,0
4.7,3.2,1.3,0.6,15.04,0.78,15.82,3.615,2.167,1.96,27.5,78,5.9,7.28,66,169.6,65.8,0,0
7.0,3.5,6.8,1.8,24.5,12.24,36.74,1.029,3.778,16.66,26.5,75,6.8,7.37,77,185.6,100.0,1,2
4.5,3.8,1.4,0.3,17.1,0.42,17.52,3.214,4.667,2.39,20.5,75,4.4,7.45,49,181.3,66.0,0,0
5.1,3.0,1.1,0.3,15.3,0.33,15.63,4.636,3.667,1.68,20.2,67,7.8,7.27,52,164.6,77.5,2,0
5.5,3.3,3.9,1.6,18.15,6.24,24.39,1.41,2.438,7.08,23.1,70,9.6,6.62,71,171.7,75.7,2,1
4.5,2.8,1.2,0.4,12.6,0.48,13.08,3.75,3.0,1.51,19.8,78,7.5,7.03,51,152.4,76.6,2,0
5.7,3.5,6.6,2.1,19.95,13.86,33.81,0.864,3.143,13.17,24.6,55,4.0,5.96,43,41.0,100.0,1,2
4.5,3.3,1.0,0.1,14.85,0.1,14.95,4.5,10.0,1.48,31.6,53,7.1,6.38,72,128.5,67.0,0,0
4.7,3.1,1.7,0.5,14.57,0.85,15.42,2.765,3.4,2.48,23.0,78,5.9,5.66,68,213.7,79.0,2,0
7.4,3.3,6.5,2.0,24.42,13.0,37.42,1.138,3.25,15.87,24.9,61,8.1,6.62,57,170.0,90.8,1,2
6.7,3.1,3.7,1.3,20.77,4.81,25.58,1.811,2.846,7.68,26.6,57,6.3,5.86,77,249.0,74.8,0,1
6.0,2.0,3.7,1.1,12.0,4.07,16.07,1.622,3.364,4.44,23.2,61,7.0,5.53,47,27.7,74.5,0,1
5.7,3.4,4.5,1.2,19.38,5.4,24.78,1.267,3.75,8.72,18.8,81,8.9,7.23,60,249.4,82.9,2,1
5.3,3.0,4.4,1.4,15.9,6.16,22.06,1.205,3.143,7.0,19.5,68,4.2,7.29,39,182.3,77.2,2,1
4.4,4.1,1.1,0.3,18.04,0.33,18.37,4.0,3.667,1.98,27.9,65,4.6,6.59,84,64.7,72.5,0,0
4.8,3.7,1.8,0.5,17.76,0.9,18.66,2.667,3.6,3.2,20.4,82,8.3,6.23,30,236.3,70.3,0,0
6.9,2.3,6.5,2.0,15.87,13.0,28.87,1.062,3.25,10.32,28.2,50,5.0,5.59,68,65.7,96.1,1,2
5.3,4.1,1.8,0.3,21.73,0.54,22.27,2.944,6.0,3.91,25.8,52,6.0,6.64,74,39.8,78.0,2,0
4.5,2.5,1.7,0.2,11.25,0.34,11.59,2.647,8.5,1.91,26.3,46,8.6,7.08,43,166.7,70.0,0,0
7.7,2.7,6.1,2.4,20.79,14.64,35.43,1.262,2.542,12.68,30.1,53,5.9,6.26,48,60.9,93.5,1,2
5.8,3.2,3.6,1.2,18.56,4.32,22.88,1.611,3.0,6.68,31.7,61,8.2,6.03,61,101.7,76.5,2,1
6.5,3.5,6.1,1.6,22.75,9.76,32.51,1.066,3.812,13.88,31.3,82,6.3,6.58,43,248.6,88.5,1,2
7.3,3.5,5.0,2.2,25.55,11.0,36.55,1.46,2.273,12.78,25.1,62,4.5,7.05,46,70.2,88.2,1,2
